(478053.3307534001,3638136.3678656314), (478053.3265307948, 3638136.3667896185, 0.15127158164978027)
(478053.33479926107,3638136.3688488198), (478053.3265307948, 3638136.3667896185, 0.1701068878173828)
(478053.34367590613,3638136.364903853), (478053.34367590613, 3638136.364903853, 0.22145438194274902)
(478053.3448832884,3638136.3648325424), (478053.34367590613, 3638136.364903853, 0.2265613079071045)
(478053.3495018902,3638136.3644761075), (478053.34367590613, 3638136.364903853, 0.24549245834350586)
(478053.35443361494,3638136.364115349), (478053.34367590613, 3638136.364903853, 0.2660953998565674)
(478053.3468103761,3638136.3722874797), (478053.3468103761, 3638136.3722874797, 0.29541707038879395)
(478053.34752330143,3638136.372919189), (478053.3468103761, 3638136.3722874797, 0.30728912353515625)
(478053.34924492263,3638136.373176384), (478053.3468103761, 3638136.3722874797, 0.32733798027038574)
(478053.350988498,3638136.37301674), (478053.3468103761, 3638136.3722874797, 0.3455653190612793)
(478053.35371223825,3638136.3719475837), (478053.3468103761, 3638136.3722874797, 0.36621880531311035)
(478053.3561670299,3638136.371046525), (478053.3468103761, 3638136.3722874797, 0.3858785629272461)
(478053.33595063485,3638136.396331055), (478053.33595063485, 3638136.396331055, 0.41803622245788574)
(478053.3351665026,3638136.3982030367), (478053.33595063485, 3638136.396331055, 0.4273951053619385)
(478053.33306387876,3638136.4027560255), (478053.33595063485, 3638136.396331055, 0.4494307041168213)
(478053.3314932028,3638136.4068337423), (478053.33595063485, 3638136.396331055, 0.4679994583129883)
(478053.32980441087,3638136.4112904607), (478053.33595063485, 3638136.396331055, 0.4869105815887451)
(478053.3126269473,3638136.4240976362), (478053.3126269473, 3638136.4240976362, 0.5179953575134277)
(478053.31051131705,3638136.4265926224), (478053.3126269473, 3638136.4240976362, 0.5270247459411621)
(478053.30581143097,3638136.4329193127), (478053.3126269473, 3638136.4240976362, 0.5486361980438232)
(478053.3016102782,3638136.43846896), (478053.3126269473, 3638136.4240976362, 0.5677070617675781)
(478053.29599751084,3638136.445710155), (478053.3126269473, 3638136.4240976362, 0.5923120975494385)
(478053.28306307516,3638136.4500304405), (478053.28306307516, 3638136.4500304405, 0.6113033294677734)
(478053.27749799774,3638136.4553001476), (478053.28306307516, 3638136.4500304405, 0.6295375823974609)
(478053.2713990137,3638136.4614324663), (478053.28306307516, 3638136.4500304405, 0.6501016616821289)
(478053.2661406396,3638136.467091394), (478053.28306307516, 3638136.4500304405, 0.668391227722168)
(478053.2519401833,3638136.47596671), (478053.2519401833, 3638136.47596671, 0.6904041767120361)
(478053.24404570746,3638136.483005161), (478053.2519401833, 3638136.47596671, 0.711240291595459)
(478053.23725821765,3638136.490071429), (478053.2519401833, 3638136.47596671, 0.7307765483856201)
(478053.23116210656,3638136.4973837216), (478053.2519401833, 3638136.47596671, 0.7498693466186523)
(478053.22501467174,3638136.5051429896), (478053.2519401833, 3638136.47596671, 0.7697389125823975)
(478053.2441738368,3638136.4889175175), (478053.2441738368, 3638136.4889175175, 0.79530930519104)
(478053.24268045835,3638136.4922579024), (478053.2441738368, 3638136.4889175175, 0.8197066783905029)
(478053.24197761255,3638136.493881249), (478053.2441738368, 3638136.4889175175, 0.8316187858581543)
(478053.24117839424,3638136.497037736), (478053.2441738368, 3638136.4889175175, 0.850440263748169)
(478053.2409499915,3638136.501515551), (478053.2441738368, 3638136.4889175175, 0.8703949451446533)
(478053.24108455,3638136.5018579243), (478053.24108455, 3638136.5018579243, 0.8988308906555176)
(478053.2406924528,3638136.50433014), (478053.24108455, 3638136.5018579243, 0.9146628379821777)
(478053.2410169242,3638136.5089683677), (478053.24108455, 3638136.5018579243, 0.9329833984375)
(478053.2422672189,3638136.515416441), (478053.24108455, 3638136.5018579243, 0.951300859451294)
(478053.2443408668,3638136.5236731945), (478053.24108455, 3638136.5018579243, 0.9709639549255371)
(478053.284696031,3638136.483284484), (478053.284696031, 3638136.483284484, 0.9960379600524902)
(478053.2900902835,3638136.480829297), (478053.284696031, 3638136.483284484, 1.0128798484802246)
(478053.2947273996,3638136.478064636), (478053.284696031, 3638136.483284484, 1.0320558547973633)
(478053.2964460039,3638136.476947026), (478053.284696031, 3638136.483284484, 1.0517890453338623)
(478053.2972349282,3638136.477094401), (478053.284696031, 3638136.483284484, 1.071732521057129)
(478053.3563904101,3638136.473886856), (478053.3563904101, 3638136.473886856, 1.0937731266021729)
(478053.3723567294,3638136.472425258), (478053.3563904101, 3638136.473886856, 1.1129236221313477)
(478053.39304516173,3638136.465108363), (478053.3563904101, 3638136.473886856, 1.1358778476715088)
(478053.40647609753,3638136.461100044), (478053.3563904101, 3638136.473886856, 1.1526117324829102)
(478053.4212534666,3638136.454843226), (478053.3563904101, 3638136.473886856, 1.1729693412780762)
(478053.45304143004,3638136.4699766915), (478053.45304143004, 3638136.4699766915, 1.1942806243896484)
(478053.4753093595,3638136.469750212), (478053.45304143004, 3638136.4699766915, 1.2163026332855225)
(478053.4937017317,3638136.4699753094), (478053.45304143004, 3638136.4699766915, 1.2348949909210205)
(478053.512877927,3638136.4699746245), (478053.45304143004, 3638136.4699766915, 1.2542712688446045)
(478053.5326496412,3638136.469174726), (478053.45304143004, 3638136.4699766915, 1.2746741771697998)
(478053.58096321265,3638136.506645278), (478053.58096321265, 3638136.506645278, 1.2984354496002197)
(478053.60326589074,3638136.5133645665), (478053.58096321265, 3638136.506645278, 1.316246747970581)
(478053.6300697324,3638136.5233414746), (478053.58096321265, 3638136.506645278, 1.337369441986084)
(478053.6515655736,3638136.531108472), (478053.58096321265, 3638136.506645278, 1.354771614074707)
(478053.67656296387,3638136.5396162774), (478053.58096321265, 3638136.506645278, 1.3757085800170898)
(478053.6761086097,3638136.526757896), (478053.6761086097, 3638136.526757896, 1.3979008197784424)
(478053.7021104843,3638136.532104588), (478053.6761086097, 3638136.526757896, 1.4242424964904785)
(478053.71507578075,3638136.5351521214), (478053.6761086097, 3638136.526757896, 1.4366374015808105)
(478053.7359474665,3638136.539604793), (478053.6761086097, 3638136.526757896, 1.45646071434021)
(478053.7535891469,3638136.5422063647), (478053.6761086097, 3638136.526757896, 1.4756767749786377)
(478053.7307359172,3638136.554351184), (478053.7307359172, 3638136.554351184, 1.5005509853363037)
(478053.74124422134,3638136.5592702944), (478053.7307359172, 3638136.554351184, 1.5201618671417236)
(478053.74893322017,3638136.5623658583), (478053.7307359172, 3638136.554351184, 1.5362706184387207)
(478053.7584429044,3638136.566882849), (478053.7307359172, 3638136.554351184, 1.5573127269744873)
(478053.7665363653,3638136.571002841), (478053.7307359172, 3638136.554351184, 1.5761604309082031)
(478053.77757223503,3638136.5838094396), (478053.77757223503, 3638136.5838094396, 1.600740909576416)
(478053.78083274525,3638136.588566288), (478053.77757223503, 3638136.5838094396, 1.6174778938293457)
(478053.783054949,3638136.5942706876), (478053.77757223503, 3638136.5838094396, 1.6368234157562256)
(478053.78411343263,3638136.6000533947), (478053.77757223503, 3638136.5838094396, 1.6581437587738037)
(478053.7842852718,3638136.6038566763), (478053.77757223503, 3638136.5838094396, 1.6775538921356201)
(478053.8353340115,3638136.6187863527), (478053.8353340115, 3638136.6187863527, 1.702275037765503)
(478053.8434067499,3638136.6251776116), (478053.8353340115, 3638136.6187863527, 1.7190098762512207)
(478053.8514407335,3638136.632301035), (478053.8353340115, 3638136.6187863527, 1.7372970581054688)
(478053.8583911177,3638136.64109569), (478053.8353340115, 3638136.6187863527, 1.7578535079956055)
(478053.8638386026,3638136.649917152), (478053.8353340115, 3638136.6187863527, 1.777418613433838)
(478053.9336713804,3638136.6721495516), (478053.9336713804, 3638136.6721495516, 1.7995474338531494)
(478053.95140903187,3638136.682614975), (478053.9336713804, 3638136.6721495516, 1.8178362846374512)
(478053.97003089316,3638136.695888931), (478053.9336713804, 3638136.6721495516, 1.8382694721221924)
(478053.98633380537,3638136.7098736167), (478053.9336713804, 3638136.6721495516, 1.8576023578643799)
(478054.0024487416,3638136.7255449714), (478053.9336713804, 3638136.6721495516, 1.8777270317077637)
(478054.08973766613,3638136.745708552), (478054.08973766613, 3638136.745708552, 1.900334358215332)
(478054.1163896109,3638136.760801645), (478054.08973766613, 3638136.745708552, 1.919278621673584)
(478054.14317296125,3638136.775949512), (478054.08973766613, 3638136.745708552, 1.938589096069336)
(478054.1725628512,3638136.7890900765), (478054.08973766613, 3638136.745708552, 1.9588937759399414)
(478054.2036369248,3638136.7990145516), (478054.08973766613, 3638136.745708552, 1.978311538696289)
(478054.28953454224,3638136.854275661), (478054.28953454224, 3638136.854275661, 2.0008389949798584)
(478054.3375801504,3638136.8735044324), (478054.28953454224, 3638136.854275661, 2.0223515033721924)
(478054.3749144419,3638136.8873249167), (478054.28953454224, 3638136.854275661, 2.039174795150757)
(478054.4175508562,3638136.9052525857), (478054.28953454224, 3638136.854275661, 2.0590646266937256)
(478054.5314701338,3638136.9830732364), (478054.5314701338, 3638136.9830732364, 2.0840137004852295)
(478054.6009098542,3638137.0119233117), (478054.5314701338, 3638136.9830732364, 2.106096029281616)
(478054.6541952565,3638137.036453647), (478054.5314701338, 3638136.9830732364, 2.1246178150177)
(478054.69906914653,3638137.0579400095), (478054.5314701338, 3638136.9830732364, 2.139686107635498)
(478054.75957029354,3638137.0846549203), (478054.5314701338, 3638136.9830732364, 2.159824848175049)
(478054.8217179753,3638137.112666537), (478054.5314701338, 3638136.9830732364, 2.1803369522094727)
(478054.776519649,3638137.1100162445), (478054.776519649, 3638137.1100162445, 2.2046520709991455)
(478054.81219243724,3638137.1282356544), (478054.776519649, 3638137.1100162445, 2.2217209339141846)
(478054.8546616253,3638137.149161917), (478054.776519649, 3638137.1100162445, 2.2418487071990967)
(478054.8927214031,3638137.1679202314), (478054.776519649, 3638137.1100162445, 2.2607932090759277)
(478054.9325649967,3638137.1894931975), (478054.776519649, 3638137.1100162445, 2.280898094177246)
(478055.0231733571,3638137.257279829), (478055.0231733571, 3638137.257279829, 2.3061580657958984)
(478055.060792742,3638137.2815780095), (478055.0231733571, 3638137.257279829, 2.322040557861328)
(478055.1105452919,3638137.311409848), (478055.0231733571, 3638137.257279829, 2.3419954776763916)
(478055.15698950883,3638137.3373900726), (478055.0231733571, 3638137.257279829, 2.360894203186035)
(478055.20711983216,3638137.3644498847), (478055.0231733571, 3638137.257279829, 2.3815670013427734)
(478055.2824183239,3638137.45809724), (478055.2824183239, 3638137.45809724, 2.4050207138061523)
(478055.3311662057,3638137.4965705327), (478055.2824183239, 3638137.45809724, 2.423766613006592)
(478055.38152764586,3638137.538727699), (478055.2824183239, 3638137.45809724, 2.4435319900512695)
(478055.4296763354,3638137.5796101145), (478055.2824183239, 3638137.45809724, 2.461826801300049)
(478055.48688466806,3638137.6262100236), (478055.2824183239, 3638137.45809724, 2.4827120304107666)
(478055.4793887425,3638137.6978537072), (478055.4793887425, 3638137.6978537072, 2.503089189529419)
(478055.5304671174,3638137.758778484), (478055.4793887425, 3638137.6978537072, 2.526564121246338)
(478055.5647901948,3638137.7973764944), (478055.4793887425, 3638137.6978537072, 2.5420548915863037)
(478055.6083350108,3638137.8526900075), (478055.4793887425, 3638137.6978537072, 2.563347101211548)
(478055.6512778989,3638137.903820799), (478055.4793887425, 3638137.6978537072, 2.58280348777771)
(478055.6482557268,3638137.9191961656), (478055.6482557268, 3638137.9191961656, 2.604180097579956)
(478055.68632445176,3638137.967613554), (478055.6482557268, 3638137.9191961656, 2.6264569759368896)
(478055.71358226304,3638138.0046389285), (478055.6482557268, 3638137.9191961656, 2.6435484886169434)
(478055.74653796485,3638138.047909605), (478055.6482557268, 3638137.9191961656, 2.663405179977417)
(478055.8031408096,3638138.1627414874), (478055.8031408096, 3638138.1627414874, 2.688093423843384)
(478055.835862801,3638138.2135121617), (478055.8031408096, 3638138.1627414874, 2.705383539199829)
(478055.87534946884,3638138.2764586518), (478055.8031408096, 3638138.1627414874, 2.725663900375366)
(478055.91192028794,3638138.331959529), (478055.8031408096, 3638138.1627414874, 2.7441658973693848)
(478055.95279713796,3638138.3910580487), (478055.8031408096, 3638138.1627414874, 2.764103889465332)
(478055.99247422727,3638138.454123778), (478055.8031408096, 3638138.1627414874, 2.784564971923828)
(478055.9346200559,3638138.3971006), (478055.9346200559, 3638138.3971006, 2.8053572177886963)
(478055.95930408215,3638138.439538514), (478055.9346200559, 3638138.3971006, 2.827378511428833)
(478055.9790172978,3638138.4779045326), (478055.9346200559, 3638138.3971006, 2.8464205265045166)
(478055.9959643425,3638138.5229351665), (478055.9346200559, 3638138.3971006, 2.8665261268615723)
(478056.0121400269,3638138.568669846), (478055.9346200559, 3638138.3971006, 2.88613224029541)
(478056.076909757,3638138.5852444666), (478056.076909757, 3638138.5852444666, 2.909343719482422)
(478056.1175234516,3638138.6441943957), (478056.076909757, 3638138.5852444666, 2.9402568340301514)
(478056.12530082534,3638138.655502254), (478056.076909757, 3638138.5852444666, 2.946207046508789)
(478056.1519694627,3638138.6944014807), (478056.076909757, 3638138.5852444666, 2.9668214321136475)
(478056.17829431535,3638138.732295577), (478056.076909757, 3638138.5852444666, 2.9866762161254883)
(478056.21302908665,3638138.80296443), (478056.21302908665, 3638138.80296443, 3.008929967880249)
(478056.23881324305,3638138.845015117), (478056.21302908665, 3638138.80296443, 3.0280332565307617)
(478056.26656904933,3638138.8910906026), (478056.21302908665, 3638138.80296443, 3.0489919185638428)
(478056.29048095277,3638138.931358612), (478056.21302908665, 3638138.80296443, 3.066927671432495)
(478056.3055862189,3638139.0614294955), (478056.3055862189, 3638139.0614294955, 3.091042995452881)
(478056.3246392283,3638139.1159879444), (478056.3055862189, 3638139.0614294955, 3.108342170715332)
(478056.3433448722,3638139.1810909226), (478056.3055862189, 3638139.0614294955, 3.128687620162964)
(478056.3653369575,3638139.246075459), (478056.3055862189, 3638139.0614294955, 3.1473331451416016)
(478056.39800272364,3638139.3112096377), (478056.3055862189, 3638139.0614294955, 3.167858839035034)
(478056.39359360427,3638139.377181783), (478056.39359360427, 3638139.377181783, 3.1917824745178223)
(478056.42143963045,3638139.4545530886), (478056.39359360427, 3638139.377181783, 3.2132999897003174)
(478056.44598941953,3638139.5170211876), (478056.39359360427, 3638139.377181783, 3.2311952114105225)
(478056.46847963514,3638139.576347125), (478056.39359360427, 3638139.377181783, 3.2487199306488037)
(478056.49332107726,3638139.641975829), (478056.39359360427, 3638139.377181783, 3.2682137489318848)
(478056.4956157306,3638139.685512324), (478056.4956157306, 3638139.685512324, 3.289334774017334)
(478056.522918607,3638139.757266152), (478056.4956157306, 3638139.685512324, 3.3129398822784424)
(478056.5428539917,3638139.810101123), (478056.4956157306, 3638139.685512324, 3.330273151397705)
(478056.56775816827,3638139.8669111882), (478056.4956157306, 3638139.685512324, 3.349527597427368)
(478056.5936733983,3638139.925620158), (478056.4956157306, 3638139.685512324, 3.369532585144043)
(478056.5336646657,3638139.969965633), (478056.5336646657, 3638139.969965633, 3.39262056350708)
(478056.5404796921,3638140.0205691066), (478056.5336646657, 3638139.969965633, 3.411032199859619)
(478056.54763032816,3638140.0734124994), (478056.5336646657, 3638139.969965633, 3.430781602859497)
(478056.55683247227,3638140.131027926), (478056.5336646657, 3638139.969965633, 3.4516329765319824)
(478056.56479335105,3638140.187362007), (478056.5336646657, 3638139.969965633, 3.4721884727478027)
(478056.5435855429,3638140.22491909), (478056.5435855429, 3638140.22491909, 3.4919674396514893)
(478056.5453100283,3638140.277576047), (478056.5435855429, 3638140.22491909, 3.51265287399292)
(478056.54627870035,3638140.3344617183), (478056.5435855429, 3638140.22491909, 3.5355446338653564)
(478056.54748171696,3638140.372231019), (478056.5435855429, 3638140.22491909, 3.5505473613739014)
(478056.54949863465,3638140.425071106), (478056.5435855429, 3638140.22491909, 3.5714073181152344)
(478056.5612645485,3638140.4632264627), (478056.5612645485, 3638140.4632264627, 3.5934314727783203)
(478056.5637976863,3638140.5086326096), (478056.5612645485, 3638140.4632264627, 3.6129648685455322)
(478056.5660931094,3638140.55653793), (478056.5612645485, 3638140.4632264627, 3.6334621906280518)
(478056.56877067906,3638140.598503732), (478056.5612645485, 3638140.4632264627, 3.6510512828826904)
(478056.5694270522,3638140.6449935264), (478056.5612645485, 3638140.4632264627, 3.6713430881500244)
(478056.5789353443,3638140.6978385583), (478056.5789353443, 3638140.6978385583, 3.695260763168335)
(478056.5831272243,3638140.7379656346), (478056.5789353443, 3638140.6978385583, 3.712083101272583)
(478056.5891329515,3638140.7882325146), (478056.5789353443, 3638140.6978385583, 3.731982707977295)
(478056.5959107872,3638140.838286472), (478056.5789353443, 3638140.6978385583, 3.752194404602051)
(478056.60246755125,3638140.88743614), (478056.5789353443, 3638140.6978385583, 3.7725892066955566)
(478056.598169263,3638140.934294827), (478056.598169263, 3638140.934294827, 3.7941811084747314)
(478056.5981826129,3638140.98803751), (478056.598169263, 3638140.934294827, 3.816814661026001)
(478056.5980799405,3638141.026656399), (478056.598169263, 3638140.934294827, 3.8339014053344727)
(478056.6011940162,3638141.0735945553), (478056.598169263, 3638140.934294827, 3.853071928024292)
(478056.60394995444,3638141.1228945125), (478056.598169263, 3638140.934294827, 3.8731281757354736)
(478056.709397633,3638141.1760895574), (478056.709397633, 3638141.1760895574, 3.8963937759399414)
(478056.73124672176,3638141.221729336), (478056.709397633, 3638141.1760895574, 3.9146432876586914)
(478056.7552491547,3638141.2704971135), (478056.709397633, 3638141.1760895574, 3.933825969696045)
(478056.78037461615,3638141.3210749733), (478056.709397633, 3638141.1760895574, 3.953768730163574)
(478056.80728599435,3638141.370138583), (478056.709397633, 3638141.1760895574, 3.973930597305298)
(478056.8097539329,3638141.43638494), (478056.8097539329, 3638141.43638494, 3.998307466506958)
(478056.8246755649,3638141.477754378), (478056.8097539329, 3638141.43638494, 4.014415979385376)
(478056.8444291979,3638141.531174293), (478056.8097539329, 3638141.43638494, 4.0356175899505615)
(478056.86099654454,3638141.57792165), (478056.8097539329, 3638141.43638494, 4.053947448730469)
(478056.8800921007,3638141.629381455), (478056.8097539329, 3638141.43638494, 4.074110507965088)
(478056.90854710166,3638141.694836151), (478056.90854710166, 3638141.694836151, 4.096861839294434)
(478056.9285731046,3638141.747984646), (478056.90854710166, 3638141.694836151, 4.117210388183594)
(478056.9465000591,3638141.795278893), (478056.90854710166, 3638141.694836151, 4.1353232860565186)
(478056.9646775759,3638141.8440106516), (478056.90854710166, 3638141.694836151, 4.15467643737793)
(478056.9865892929,3638141.893289992), (478056.90854710166, 3638141.694836151, 4.175222635269165)
(478057.06659941515,3638141.9605462383), (478057.06659941515, 3638141.9605462383, 4.198269605636597)
(478057.09576394694,3638142.0080179884), (478057.06659941515, 3638141.9605462383, 4.2171807289123535)
(478057.12535360747,3638142.0555607197), (478057.06659941515, 3638141.9605462383, 4.236541986465454)
(478057.1538105713,3638142.100864174), (478057.06659941515, 3638141.9605462383, 4.2554545402526855)
(478057.1890461177,3638142.1539499345), (478057.06659941515, 3638141.9605462383, 4.277989625930786)
(478057.2215911802,3638142.2521302123), (478057.2215911802, 3638142.2521302123, 4.298548698425293)
(478057.25254467723,3638142.309184655), (478057.2215911802, 3638142.2521302123, 4.318113088607788)
(478057.2844901777,3638142.368425119), (478057.2215911802, 3638142.2521302123, 4.338213920593262)
(478057.31471963186,3638142.4258555677), (478057.2215911802, 3638142.2521302123, 4.35735297203064)
(478057.34623641026,3638142.487745958), (478057.2215911802, 3638142.2521302123, 4.377933740615845)
(478057.3641723844,3638142.571456503), (478057.3641723844, 3638142.571456503, 4.398526430130005)
(478057.3997920659,3638142.649770487), (478057.3641723844, 3638142.571456503, 4.4218480587005615)
(478057.42828989815,3638142.702799457), (478057.3641723844, 3638142.571456503, 4.43992805480957)
(478057.4573552393,3638142.7535228333), (478057.3641723844, 3638142.571456503, 4.457611083984375)
(478057.4922535435,3638142.8070947323), (478057.3641723844, 3638142.571456503, 4.477524042129517)
(478057.51449117897,3638142.8648985154), (478057.51449117897, 3638142.8648985154, 4.49988055229187)
(478057.54588692443,3638142.921339374), (478057.51449117897, 3638142.8648985154, 4.519881248474121)
(478057.57368983165,3638142.976901443), (478057.51449117897, 3638142.8648985154, 4.539295196533203)
(478057.59949281387,3638143.031242905), (478057.51449117897, 3638142.8648985154, 4.557958126068115)
(478057.6352290258,3638143.0979883466), (478057.51449117897, 3638142.8648985154, 4.579079866409302)
(478057.6444934414,3638143.1362139056), (478057.6444934414, 3638143.1362139056, 4.599452018737793)
(478057.668879215,3638143.199487988), (478057.6444934414, 3638143.1362139056, 4.621894836425781)
(478057.68802311446,3638143.250027011), (478057.6444934414, 3638143.1362139056, 4.6398091316223145)
(478057.7129467012,3638143.303681069), (478057.6444934414, 3638143.1362139056, 4.659105062484741)
(478057.7368258507,3638143.3644955023), (478057.6444934414, 3638143.1362139056, 4.679576635360718)
(478057.79163258086,3638143.4019482615), (478057.79163258086, 3638143.4019482615, 4.702043056488037)
(478057.819918315,3638143.4529583845), (478057.79163258086, 3638143.4019482615, 4.721981048583984)
(478057.8443655413,3638143.500760048), (478057.79163258086, 3638143.4019482615, 4.7404608726501465)
(478057.8692917566,3638143.5520360386), (478057.79163258086, 3638143.4019482615, 4.760600328445435)
(478057.8930139359,3638143.6027990747), (478057.79163258086, 3638143.4019482615, 4.780165433883667)
(478057.9807707647,3638143.625093351), (478057.9807707647, 3638143.625093351, 4.802082061767578)
(478058.01911274577,3638143.668519879), (478057.9807707647, 3638143.625093351, 4.821901798248291)
(478058.0551360494,3638143.707376515), (478057.9807707647, 3638143.625093351, 4.840071678161621)
(478058.0951068107,3638143.749463385), (478057.9807707647, 3638143.625093351, 4.8601274490356445)
(478058.1344959945,3638143.7971117957), (478057.9807707647, 3638143.625093351, 4.881467580795288)
(478058.1948080711,3638143.8278589686), (478058.1948080711, 3638143.8278589686, 4.902903079986572)
(478058.2339585227,3638143.8678249945), (478058.1948080711, 3638143.8278589686, 4.922034740447998)
(478058.2749453663,3638143.9060120583), (478058.1948080711, 3638143.8278589686, 4.941186189651489)
(478058.31797007826,3638143.9450113676), (478058.1948080711, 3638143.8278589686, 4.961026906967163)
(478058.3651790404,3638143.9895986016), (478058.1948080711, 3638143.8278589686, 4.982852458953857)
(478058.4072945584,3638144.034323335), (478058.4072945584, 3638144.034323335, 5.004959583282471)
(478058.44156614156,3638144.0685149385), (478058.4072945584, 3638144.034323335, 5.021640300750732)
(478058.4830347214,3638144.1106767375), (478058.4072945584, 3638144.034323335, 5.042099952697754)
(478058.52350838576,3638144.1516830274), (478058.4072945584, 3638144.034323335, 5.061852216720581)
(478058.56563626975,3638144.1964898254), (478058.4072945584, 3638144.034323335, 5.08282995223999)
(478058.61822612723,3638144.242638808), (478058.61822612723, 3638144.242638808, 5.11137843132019)
(478058.6426440496,3638144.2667699237), (478058.61822612723, 3638144.242638808, 5.123715877532959)
(478058.6803057886,3638144.3059110683), (478058.61822612723, 3638144.242638808, 5.143299341201782)
(478058.71670575417,3638144.347224798), (478058.61822612723, 3638144.242638808, 5.1634087562561035)
(478058.84789054963,3638144.4619985446), (478058.84789054963, 3638144.4619985446, 5.186864614486694)
(478058.9001900623,3638144.5133290314), (478058.84789054963, 3638144.4619985446, 5.204293727874756)
(478058.96632566367,3638144.5789472833), (478058.84789054963, 3638144.4619985446, 5.226091623306274)
(478059.0205568006,3638144.631566282), (478058.84789054963, 3638144.4619985446, 5.243228197097778)
(478059.08355621115,3638144.696240199), (478058.84789054963, 3638144.4619985446, 5.263250827789307)
(478059.0885050502,3638144.6979627865), (478059.0885050502, 3638144.6979627865, 5.2917640209198)
(478059.12171714054,3638144.7292357828), (478059.0885050502, 3638144.6979627865, 5.30610466003418)
(478059.16423440306,3638144.7681779363), (478059.0885050502, 3638144.6979627865, 5.324073791503906)
(478059.21371794335,3638144.811933472), (478059.0885050502, 3638144.6979627865, 5.345850706100464)
(478059.25896390487,3638144.850719356), (478059.0885050502, 3638144.6979627865, 5.364650011062622)
(478059.3338130206,3638144.9413071973), (478059.3338130206, 3638144.9413071973, 5.3869359493255615)
(478059.3841039259,3638144.9962970023), (478059.3338130206, 3638144.9413071973, 5.407866954803467)
(478059.4266399886,3638145.044210058), (478059.3338130206, 3638144.9413071973, 5.426095247268677)
(478059.47637945256,3638145.09301295), (478059.3338130206, 3638144.9413071973, 5.445710897445679)
(478059.5286075679,3638145.144228767), (478059.3338130206, 3638144.9413071973, 5.465164422988892)
(478059.5915520655,3638145.1661474984), (478059.5915520655, 3638145.1661474984, 5.4867918491363525)
(478059.64395748754,3638145.2136581214), (478059.5915520655, 3638145.1661474984, 5.507277965545654)
(478059.6882439846,3638145.2607590873), (478059.5915520655, 3638145.1661474984, 5.525871992111206)
(478059.76414050494,3638145.3316477155), (478059.5915520655, 3638145.1661474984, 5.55564284324646)
(478059.8136386129,3638145.3785502394), (478059.5915520655, 3638145.1661474984, 5.5748467445373535)
(478059.8352188667,3638145.372542597), (478059.8352188667, 3638145.372542597, 5.6353466510772705)
(478059.84536771546,3638145.38027098), (478059.8352188667, 3638145.372542597, 5.641223430633545)
(478059.87979147583,3638145.4113795646), (478059.8352188667, 3638145.372542597, 5.661460638046265)
(478059.9173892131,3638145.4454225604), (478059.8352188667, 3638145.372542597, 5.6850526332855225)
(478060.0960389668,3638145.580747227), (478060.0960389668, 3638145.580747227, 5.701665163040161)
(478060.1811269053,3638145.647319554), (478060.0960389668, 3638145.580747227, 5.7223639488220215)
(478060.2541233632,3638145.7044431954), (478060.0960389668, 3638145.580747227, 5.739950656890869)
(478060.3380228778,3638145.768795374), (478060.0960389668, 3638145.580747227, 5.760059118270874)
(478060.34747209784,3638145.7741915365), (478060.34747209784, 3638145.7741915365, 5.785214185714722)
(478060.3969935944,3638145.812665361), (478060.34747209784, 3638145.7741915365, 5.801941394805908)
(478060.46507607977,3638145.860683249), (478060.34747209784, 3638145.7741915365, 5.82397198677063)
(478060.5162552387,3638145.8924984457), (478060.34747209784, 3638145.7741915365, 5.839764595031738)
(478060.58385803195,3638145.9303218056), (478060.34747209784, 3638145.7741915365, 5.859595775604248)
(478060.65476449387,3638145.9702963284), (478060.34747209784, 3638145.7741915365, 5.879806280136108)
(478060.6253797857,3638145.9546434768), (478060.6253797857, 3638145.9546434768, 5.905329942703247)
(478060.6653022432,3638145.979535252), (478060.6253797857, 3638145.9546434768, 5.922314882278442)
(478060.7030841787,3638146.008627412), (478060.6253797857, 3638145.9546434768, 5.940199851989746)
(478060.7420946204,3638146.0396069866), (478060.6253797857, 3638145.9546434768, 5.9606711864471436)
(478060.78852050443,3638146.068864965), (478060.6253797857, 3638145.9546434768, 5.981525659561157)
(478060.9422506061,3638146.129465887), (478060.9422506061, 3638146.129465887, 6.002981662750244)
(478061.0032867264,3638146.163313765), (478060.9422506061, 3638146.129465887, 6.021665573120117)
(478061.06664520793,3638146.1989887236), (478060.9422506061, 3638146.129465887, 6.040996313095093)
(478061.1470993316,3638146.2368957014), (478060.9422506061, 3638146.129465887, 6.064003944396973)
(478061.2077284184,3638146.26468399), (478060.9422506061, 3638146.129465887, 6.08160662651062)
(478061.27310741326,3638146.2839330905), (478061.27310741326, 3638146.2839330905, 6.1040661334991455)
(478061.3392978708,3638146.3148431983), (478061.27310741326, 3638146.2839330905, 6.123708248138428)
(478061.40091021726,3638146.343284421), (478061.27310741326, 3638146.2839330905, 6.141802787780762)
(478061.46883886907,3638146.3733225656), (478061.27310741326, 3638146.2839330905, 6.162460803985596)
(478061.53397713095,3638146.4026413), (478061.27310741326, 3638146.2839330905, 6.1823036670684814)
(478061.6086166289,3638146.427304075), (478061.6086166289, 3638146.427304075, 6.203954219818115)
(478061.67770183075,3638146.456902982), (478061.6086166289, 3638146.427304075, 6.224459886550903)
(478061.74109577155,3638146.4858706254), (478061.6086166289, 3638146.427304075, 6.242968797683716)
(478061.8076148853,3638146.516402071), (478061.6086166289, 3638146.427304075, 6.262664318084717)
(478061.87384812644,3638146.546867108), (478061.6086166289, 3638146.427304075, 6.282693147659302)
(478061.9767954176,3638146.539192444), (478061.9767954176, 3638146.539192444, 6.30431056022644)
(478062.04871300136,3638146.5596264102), (478061.9767954176, 3638146.539192444, 6.324308156967163)
(478062.12219999434,3638146.5788575644), (478061.9767954176, 3638146.539192444, 6.344042062759399)
(478062.19567265036,3638146.5958429878), (478061.9767954176, 3638146.539192444, 6.363919019699097)
(478062.26723392645,3638146.614775635), (478061.9767954176, 3638146.539192444, 6.38381290435791)
(478062.37134612305,3638146.5918974667), (478062.37134612305, 3638146.5918974667, 6.405198574066162)
(478062.46216566896,3638146.6092804973), (478062.37134612305, 3638146.5918974667, 6.428250074386597)
(478062.52744173195,3638146.621385703), (478062.37134612305, 3638146.5918974667, 6.444941282272339)
(478062.6035836666,3638146.634439694), (478062.37134612305, 3638146.5918974667, 6.465562582015991)
(478062.6743116023,3638146.6465614843), (478062.37134612305, 3638146.5918974667, 6.484598875045776)
(478062.7736385378,3638146.6205658694), (478062.7736385378, 3638146.6205658694, 6.509281396865845)
(478062.8439821449,3638146.6252996884), (478062.7736385378, 3638146.6205658694, 6.527282953262329)
(478062.9157895263,3638146.629207874), (478062.7736385378, 3638146.6205658694, 6.545461177825928)
(478062.99787361675,3638146.63336226), (478062.7736385378, 3638146.6205658694, 6.565765857696533)
(478063.0794725562,3638146.639194237), (478062.7736385378, 3638146.6205658694, 6.585839033126831)
(478063.158732483,3638146.627100723), (478063.158732483, 3638146.627100723, 6.60894513130188)
(478063.23675171594,3638146.628616892), (478063.158732483, 3638146.627100723, 6.62867283821106)
(478063.3061235159,3638146.630508975), (478063.158732483, 3638146.627100723, 6.646496772766113)
(478063.3803814605,3638146.627355704), (478063.158732483, 3638146.627100723, 6.666853666305542)
(478063.4526780213,3638146.624512235), (478063.158732483, 3638146.627100723, 6.686645269393921)
(478063.5250566235,3638146.6059625708), (478063.5250566235, 3638146.6059625708, 6.710275173187256)
(478063.6070384211,3638146.606230721), (478063.5250566235, 3638146.6059625708, 6.7320556640625)
(478063.66050911846,3638146.6075674975), (478063.5250566235, 3638146.6059625708, 6.746751546859741)
(478063.73596401175,3638146.6114008944), (478063.5250566235, 3638146.6059625708, 6.767052412033081)
(478063.8076313683,3638146.619241677), (478063.5250566235, 3638146.6059625708, 6.787338733673096)
(478063.85849768145,3638146.520229798), (478063.85849768145, 3638146.520229798, 6.809657335281372)
(478063.9298435007,3638146.504459255), (478063.85849768145, 3638146.520229798, 6.8309645652771)
(478063.9846419524,3638146.490139093), (478063.85849768145, 3638146.520229798, 6.847892999649048)
(478064.0515660128,3638146.4724464803), (478063.85849768145, 3638146.520229798, 6.8684022426605225)
(478064.1684262015,3638146.377272177), (478064.1684262015, 3638146.377272177, 6.8921003341674805)
(478064.23653027037,3638146.3474641414), (478064.1684262015, 3638146.377272177, 6.909694671630859)
(478064.31903950404,3638146.313001302), (478064.1684262015, 3638146.377272177, 6.930753707885742)
(478064.38722374436,3638146.2854184825), (478064.1684262015, 3638146.377272177, 6.948285102844238)
(478064.46560190065,3638146.257746285), (478064.1684262015, 3638146.377272177, 6.969335317611694)
(478064.54068577866,3638146.2365653026), (478064.1684262015, 3638146.377272177, 6.988535404205322)
(478064.429988213,3638146.2177931974), (478064.429988213, 3638146.2177931974, 7.010993003845215)
(478064.4751486049,3638146.192781287), (478064.429988213, 3638146.2177931974, 7.030285835266113)
(478064.52210983174,3638146.1632495904), (478064.429988213, 3638146.2177931974, 7.050188779830933)
(478064.57015452476,3638146.134514799), (478064.429988213, 3638146.2177931974, 7.071136236190796)
(478064.688387034,3638146.037997119), (478064.688387034, 3638146.037997119, 7.093264818191528)
(478064.7438227695,3638145.999610041), (478064.688387034, 3638146.037997119, 7.110867977142334)
(478064.8091882464,3638145.9501807624), (478064.688387034, 3638146.037997119, 7.132375717163086)
(478064.86729057116,3638145.910063666), (478064.688387034, 3638146.037997119, 7.150625467300415)
(478064.93447966187,3638145.8644287903), (478064.688387034, 3638146.037997119, 7.171034097671509)
(478064.9374769133,3638145.8785458677), (478064.9374769133, 3638145.8785458677, 7.194078683853149)
(478064.9886998876,3638145.8515831404), (478064.9374769133, 3638145.8785458677, 7.212934494018555)
(478065.04032781656,3638145.8304755776), (478064.9374769133, 3638145.8785458677, 7.232935428619385)
(478065.08408989006,3638145.8080303916), (478064.9374769133, 3638145.8785458677, 7.251624584197998)
(478065.1280079667,3638145.790189281), (478064.9374769133, 3638145.8785458677, 7.271163702011108)
(478065.19590859517,3638145.7135309186), (478065.19590859517, 3638145.7135309186, 7.294971704483032)
(478065.2373287345,3638145.6836281144), (478065.19590859517, 3638145.7135309186, 7.3120245933532715)
(478065.283459681,3638145.649717148), (478065.19590859517, 3638145.7135309186, 7.332858324050903)
(478065.3292789801,3638145.6182936123), (478065.19590859517, 3638145.7135309186, 7.351541996002197)
(478065.3834989694,3638145.57996139), (478065.19590859517, 3638145.7135309186, 7.372010231018066)
(478065.460580467,3638145.55034976), (478065.460580467, 3638145.55034976, 7.394792795181274)
(478065.51611843315,3638145.5172307827), (478065.460580467, 3638145.55034976, 7.415629863739014)
(478065.56465074216,3638145.488787147), (478065.460580467, 3638145.55034976, 7.434274911880493)
(478065.6107533374,3638145.4618541007), (478065.460580467, 3638145.55034976, 7.452091217041016)
(478065.66603074194,3638145.4261877723), (478065.460580467, 3638145.55034976, 7.472566843032837)
(478065.7455031643,3638145.37973302), (478065.7455031643, 3638145.37973302, 7.496058702468872)
(478065.7959671474,3638145.351646357), (478065.7455031643, 3638145.37973302, 7.514218330383301)
(478065.8562373647,3638145.3247463843), (478065.7455031643, 3638145.37973302, 7.534472465515137)
(478065.9178985766,3638145.292249854), (478065.7455031643, 3638145.37973302, 7.55592942237854)
(478065.9660050758,3638145.267643498), (478065.7455031643, 3638145.37973302, 7.573345899581909)
(478066.0398292468,3638145.231267179), (478066.0398292468, 3638145.231267179, 7.596652507781982)
(478066.1028561573,3638145.2004277455), (478066.0398292468, 3638145.231267179, 7.6164655685424805)
(478066.1593775307,3638145.171002751), (478066.0398292468, 3638145.231267179, 7.635514497756958)
(478066.2174524257,3638145.141461915), (478066.0398292468, 3638145.231267179, 7.654272079467773)
(478066.2738139838,3638145.1083800523), (478066.0398292468, 3638145.231267179, 7.6735265254974365)
(478066.3653480237,3638145.088274987), (478066.3653480237, 3638145.088274987, 7.695804595947266)
(478066.42949779116,3638145.0579326972), (478066.3653480237, 3638145.088274987, 7.715235233306885)
(478066.4988390979,3638145.0286805574), (478066.3653480237, 3638145.088274987, 7.737161874771118)
(478066.5564823532,3638145.004433128), (478066.3653480237, 3638145.088274987, 7.755346059799194)
(478066.61922031635,3638144.978394613), (478066.3653480237, 3638145.088274987, 7.775069952011108)
(478066.7173906503,3638144.954462119), (478066.7173906503, 3638144.954462119, 7.796592712402344)
(478066.78226060024,3638144.9297733274), (478066.7173906503, 3638144.954462119, 7.815179824829102)
(478066.85643932683,3638144.9032224766), (478066.7173906503, 3638144.954462119, 7.836153507232666)
(478066.9230761039,3638144.8776654606), (478066.7173906503, 3638144.954462119, 7.855457305908203)
(478066.991283487,3638144.8502468495), (478066.7173906503, 3638144.954462119, 7.875444650650024)
(478067.06464950345,3638144.7726210295), (478067.06464950345, 3638144.7726210295, 7.8976500034332275)
(478067.12989494845,3638144.7380099515), (478067.06464950345, 3638144.7726210295, 7.916694402694702)
(478067.2018218593,3638144.6994479527), (478067.06464950345, 3638144.7726210295, 7.937356472015381)
(478067.2649040652,3638144.665272933), (478067.06464950345, 3638144.7726210295, 7.955618858337402)
(478067.3340261811,3638144.628555258), (478067.06464950345, 3638144.7726210295, 7.975741624832153)
(478067.3775401719,3638144.55944628), (478067.3775401719, 3638144.55944628, 8.000057697296143)
(478067.43132087204,3638144.5229646564), (478067.3775401719, 3638144.55944628, 8.017820835113525)
(478067.50103939784,3638144.474313707), (478067.3775401719, 3638144.55944628, 8.040219068527222)
(478067.558741064,3638144.4453559658), (478067.3775401719, 3638144.55944628, 8.056609392166138)
(478067.63210177084,3638144.4084279938), (478067.3775401719, 3638144.55944628, 8.077482223510742)
(478067.6795013063,3638144.3389052297), (478067.6795013063, 3638144.3389052297, 8.099962949752808)
(478067.7393130194,3638144.2994283997), (478067.6795013063, 3638144.3389052297, 8.118832111358643)
(478067.7995018824,3638144.2508654534), (478067.6795013063, 3638144.3389052297, 8.139188766479492)
(478067.8504142005,3638144.2111469125), (478067.6795013063, 3638144.3389052297, 8.157230377197266)
(478067.90708873305,3638144.166453734), (478067.6795013063, 3638144.3389052297, 8.177120208740234)
(478067.9644117622,3638144.162745635), (478067.9644117622, 3638144.162745635, 8.201408863067627)
(478068.0186716205,3638144.1308684926), (478067.9644117622, 3638144.162745635, 8.220734357833862)
(478068.06549152,3638144.102284383), (478067.9644117622, 3638144.162745635, 8.23815631866455)
(478068.123282153,3638144.0711628026), (478067.9644117622, 3638144.162745635, 8.258071184158325)
(478068.1822645553,3638144.0389197967), (478067.9644117622, 3638144.162745635, 8.278260469436646)
(478068.2525757251,3638144.0475512245), (478068.2525757251, 3638144.0475512245, 8.299355268478394)
(478068.3088690366,3638144.0240678955), (478068.2525757251, 3638144.0475512245, 8.318752765655518)
(478068.3658872737,3638144.0004469743), (478068.2525757251, 3638144.0475512245, 8.338560581207275)
(478068.42449884873,3638143.9770340137), (478068.2525757251, 3638144.0475512245, 8.359331130981445)
(478068.4787912388,3638143.9553137543), (478068.2525757251, 3638144.0475512245, 8.379077672958374)
(478068.55326520535,3638143.956348429), (478068.55326520535, 3638143.956348429, 8.401819467544556)
(478068.6127434836,3638143.9376434605), (478068.55326520535, 3638143.956348429, 8.421399354934692)
(478068.67223194434,3638143.921611166), (478068.55326520535, 3638143.956348429, 8.441614389419556)
(478068.7223395653,3638143.907717197), (478068.55326520535, 3638143.956348429, 8.459562301635742)
(478068.77835023176,3638143.889206744), (478068.55326520535, 3638143.956348429, 8.479200839996338)
(478068.8056948882,3638143.89666288), (478068.8056948882, 3638143.89666288, 8.500864028930664)
(478068.8594061602,3638143.888097134), (478068.8056948882, 3638143.89666288, 8.523355960845947)
(478068.8970493178,3638143.8799070525), (478068.8056948882, 3638143.89666288, 8.539992332458496)
(478068.94456153945,3638143.869188579), (478068.8056948882, 3638143.89666288, 8.559996604919434)
(478068.9902521787,3638143.860671579), (478068.8056948882, 3638143.89666288, 8.580097675323486)
(478069.0363352537,3638143.8536545825), (478069.0363352537, 3638143.8536545825, 8.602980375289917)
(478069.09073433804,3638143.848228339), (478069.0363352537, 3638143.8536545825, 8.625927925109863)
(478069.12350988266,3638143.84133964), (478069.0363352537, 3638143.8536545825, 8.641140699386597)
(478069.1689257403,3638143.83473991), (478069.0363352537, 3638143.8536545825, 8.660662174224854)
(478069.2120288393,3638143.8335340656), (478069.0363352537, 3638143.8536545825, 8.68083906173706)
(478069.2357459921,3638143.788543883), (478069.2357459921, 3638143.788543883, 8.702933311462402)
(478069.2729882708,3638143.7779479627), (478069.2357459921, 3638143.788543883, 8.72200894355774)
(478069.308692034,3638143.7650209176), (478069.2357459921, 3638143.788543883, 8.741388320922852)
(478069.346799285,3638143.7519678404), (478069.2357459921, 3638143.788543883, 8.761382579803467)
(478069.3855303926,3638143.7367510237), (478069.2357459921, 3638143.788543883, 8.782026290893555)
(478069.43200996384,3638143.710506638), (478069.43200996384, 3638143.710506638, 8.805871963500977)
(478069.4622844044,3638143.6988889496), (478069.43200996384, 3638143.710506638, 8.822110176086426)
(478069.50364133704,3638143.6814179546), (478069.43200996384, 3638143.710506638, 8.842687606811523)
(478069.5422216861,3638143.6635122797), (478069.43200996384, 3638143.710506638, 8.862212419509888)
(478069.57784165407,3638143.6447632504), (478069.43200996384, 3638143.710506638, 8.882452011108398)
(478069.6375295407,3638143.5881052692), (478069.6375295407, 3638143.5881052692, 8.90523624420166)
(478069.6798374159,3638143.5641678735), (478069.6375295407, 3638143.5881052692, 8.923414945602417)
(478069.71938863216,3638143.5416365843), (478069.6375295407, 3638143.5881052692, 8.942681789398193)
(478069.76744145586,3638143.5164870615), (478069.6375295407, 3638143.5881052692, 8.963223695755005)
(478069.812559276,3638143.493475698), (478069.6375295407, 3638143.5881052692, 8.983581781387329)
(478069.8789024544,3638143.463776611), (478069.8789024544, 3638143.463776611, 9.006591320037842)
(478069.92368796095,3638143.44037985), (478069.8789024544, 3638143.463776611, 9.024938821792603)
(478069.96716117364,3638143.4194625076), (478069.8789024544, 3638143.463776611, 9.044327974319458)
(478070.01161360653,3638143.397121059), (478069.8789024544, 3638143.463776611, 9.063550472259521)
(478070.05479243275,3638143.375932205), (478069.8789024544, 3638143.463776611, 9.083625316619873)
(478070.1545245322,3638143.3172000917), (478070.1545245322, 3638143.3172000917, 9.106250047683716)
(478070.20777718484,3638143.2917735116), (478070.1545245322, 3638143.3172000917, 9.124726057052612)
(478070.26319538086,3638143.265588969), (478070.1545245322, 3638143.3172000917, 9.144137859344482)
(478070.3197121177,3638143.2400027597), (478070.1545245322, 3638143.3172000917, 9.164023399353027)
(478070.44893282885,3638143.205687171), (478070.44893282885, 3638143.205687171, 9.186636686325073)
(478070.5221651353,3638143.17798656), (478070.44893282885, 3638143.205687171, 9.206655025482178)
(478070.59523317136,3638143.152440269), (478070.44893282885, 3638143.205687171, 9.2261221408844)
(478070.6664899403,3638143.1293856935), (478070.44893282885, 3638143.205687171, 9.24537992477417)
(478070.73697276047,3638143.108956404), (478070.44893282885, 3638143.205687171, 9.265039920806885)
(478070.76052317343,3638143.108917283), (478070.76052317343, 3638143.108917283, 9.288721084594727)
(478070.8156917024,3638143.0932594026), (478070.76052317343, 3638143.108917283, 9.306081533432007)
(478070.88029237086,3638143.075901912), (478070.76052317343, 3638143.108917283, 9.328010320663452)
(478070.9365576808,3638143.057616217), (478070.76052317343, 3638143.108917283, 9.345725297927856)
(478070.9989956265,3638143.0401663235), (478070.76052317343, 3638143.108917283, 9.36573839187622)
(478071.06374512607,3638143.0190485287), (478070.76052317343, 3638143.108917283, 9.38651704788208)
(478071.10181286227,3638143.047186755), (478071.10181286227, 3638143.047186755, 9.40940237045288)
(478071.15764594893,3638143.0421931655), (478071.10181286227, 3638143.047186755, 9.429950475692749)
(478071.2050321474,3638143.036573496), (478071.10181286227, 3638143.047186755, 9.447312116622925)
(478071.2592143935,3638143.0344718737), (478071.10181286227, 3638143.047186755, 9.466711044311523)
(478071.4134565723,3638142.974436199), (478071.4134565723, 3638142.974436199, 9.48987102508545)
(478071.48769973434,3638142.959512556), (478071.4134565723, 3638142.974436199, 9.510018587112427)
(478071.59147172445,3638142.934207606), (478071.4134565723, 3638142.974436199, 9.53614354133606)
(478071.6404766239,3638142.9243644476), (478071.4134565723, 3638142.974436199, 9.548720598220825)
(478071.72008595464,3638142.9069425697), (478071.4134565723, 3638142.974436199, 9.56871771812439)
(478071.71412969497,3638142.875842941), (478071.71412969497, 3638142.875842941, 9.591071605682373)
(478071.76872714714,3638142.8622623384), (478071.71412969497, 3638142.875842941, 9.609074831008911)
(478071.8444094003,3638142.8414602987), (478071.71412969497, 3638142.875842941, 9.633482217788696)
(478071.89077335736,3638142.8315379806), (478071.71412969497, 3638142.875842941, 9.648350715637207)
(478071.95757762226,3638142.8156096977), (478071.71412969497, 3638142.875842941, 9.669629573822021)
(478071.9569960034,3638142.721948639), (478071.9569960034, 3638142.721948639, 9.692417621612549)
(478072.0022471029,3638142.696815009), (478071.9569960034, 3638142.721948639, 9.710618734359741)
(478072.0487910757,3638142.6668359376), (478071.9569960034, 3638142.721948639, 9.72928237915039)
(478072.10148941533,3638142.640364943), (478071.9569960034, 3638142.721948639, 9.749037027359009)
(478072.16041746153,3638142.608280872), (478071.9569960034, 3638142.721948639, 9.770677089691162)
(478072.2076442546,3638142.5803539613), (478071.9569960034, 3638142.721948639, 9.789823293685913)
(478072.1843788374,3638142.616127597), (478072.1843788374, 3638142.616127597, 9.811271667480469)
(478072.2227012381,3638142.6025982257), (478072.1843788374, 3638142.616127597, 9.831041097640991)
(478072.26211135404,3638142.585675184), (478072.1843788374, 3638142.616127597, 9.850195169448853)
(478072.3036259016,3638142.5685749524), (478072.1843788374, 3638142.616127597, 9.871414184570312)
(478072.3557026545,3638142.539993457), (478072.3557026545, 3638142.539993457, 9.892326831817627)
(478072.3969913877,3638142.522175419), (478072.3557026545, 3638142.539993457, 9.912691593170166)
(478072.4397366793,3638142.5013303463), (478072.3557026545, 3638142.539993457, 9.931849718093872)
(478072.47604057775,3638142.4851606614), (478072.3557026545, 3638142.539993457, 9.951365947723389)
(478072.5166206594,3638142.4698949396), (478072.3557026545, 3638142.539993457, 9.970439195632935)
(478072.55603563716,3638142.457155155), (478072.3557026545, 3638142.539993457, 9.991044759750366)
(478072.47094283294,3638142.4824603787), (478072.47094283294, 3638142.4824603787, 10.012935638427734)
(478072.4912762501,3638142.4758574395), (478072.47094283294, 3638142.4824603787, 10.032608270645142)
(478072.5148965029,3638142.4753752127), (478072.47094283294, 3638142.4824603787, 10.052005052566528)
(478072.5420838764,3638142.478829329), (478072.47094283294, 3638142.4824603787, 10.073597192764282)
(478072.5581493997,3638142.4379231106), (478072.5581493997, 3638142.4379231106, 10.093746185302734)
(478072.5766595114,3638142.4297685395), (478072.5581493997, 3638142.4379231106, 10.115243911743164)
(478072.58974804444,3638142.4246192295), (478072.5581493997, 3638142.4379231106, 10.132051467895508)
(478072.6103324354,3638142.421728419), (478072.5581493997, 3638142.4379231106, 10.152776002883911)
(478072.6317423268,3638142.4179227087), (478072.5581493997, 3638142.4379231106, 10.173827171325684)
(478072.60638459557,3638142.3953200537), (478072.60638459557, 3638142.3953200537, 10.197516441345215)
(478072.6164701107,3638142.390460472), (478072.60638459557, 3638142.3953200537, 10.214568614959717)
(478072.6281311628,3638142.3813580056), (478072.60638459557, 3638142.3953200537, 10.236164331436157)
(478072.6336759109,3638142.37956246), (478072.60638459557, 3638142.3953200537, 10.252655506134033)
(478072.638767144,3638142.3764988817), (478072.60638459557, 3638142.3953200537, 10.272850513458252)
(478072.6654754717,3638142.3268258045), (478072.6654754717, 3638142.3268258045, 10.29577112197876)
(478072.6859170377,3638142.31069537), (478072.6654754717, 3638142.3268258045, 10.315017461776733)
(478072.70084244077,3638142.300090681), (478072.6654754717, 3638142.3268258045, 10.334314107894897)
(478072.71600985725,3638142.2877138006), (478072.6654754717, 3638142.3268258045, 10.353752136230469)
(478072.72822164325,3638142.278407216), (478072.6654754717, 3638142.3268258045, 10.37456750869751)
(478072.7406509955,3638142.2674660967), (478072.6654754717, 3638142.3268258045, 10.394629955291748)
(478072.69344342226,3638142.284267765), (478072.69344342226, 3638142.284267765, 10.41974925994873)
(478072.69998624024,3638142.279768683), (478072.69344342226, 3638142.284267765, 10.435657024383545)
(478072.707220479,3638142.2735747597), (478072.69344342226, 3638142.284267765, 10.455297708511353)
(478072.71270778176,3638142.269154464), (478072.69344342226, 3638142.284267765, 10.47459888458252)
(478072.70275239274,3638142.263922954), (478072.70275239274, 3638142.263922954, 10.496267318725586)
(478072.7005521294,3638142.2636283063), (478072.70275239274, 3638142.263922954, 10.516675233840942)
(478072.7055274929,3638142.2535550054), (478072.70275239274, 3638142.263922954, 10.536070108413696)
(478072.7112740057,3638142.2429014305), (478072.70275239274, 3638142.263922954, 10.554871320724487)
(478072.7167184613,3638142.230245977), (478072.70275239274, 3638142.263922954, 10.574668169021606)
(478072.687178619,3638142.27134814), (478072.687178619, 3638142.27134814, 10.597708463668823)
(478072.68251851766,3638142.2746030726), (478072.687178619, 3638142.27134814, 10.616151809692383)
(478072.6828814518,3638142.2721859077), (478072.687178619, 3638142.27134814, 10.637187242507935)
(478072.68952248705,3638142.2770245895), (478072.687178619, 3638142.27134814, 10.655693054199219)
(478072.6927198053,3638142.281569038), (478072.687178619, 3638142.27134814, 10.675475597381592)
(478072.7073719946,3638142.238045612), (478072.7073719946, 3638142.238045612, 10.697319507598877)
(478072.6992685944,3638142.2433511117), (478072.7073719946, 3638142.238045612, 10.717205286026001)
(478072.69891838334,3638142.241329624), (478072.7073719946, 3638142.238045612, 10.736628293991089)
(478072.6938218873,3638142.2449938096), (478072.7073719946, 3638142.238045612, 10.75624418258667)
(478072.68995116797,3638142.248114896), (478072.7073719946, 3638142.238045612, 10.7763090133667)
(478072.7446201913,3638142.162209284), (478072.7446201913, 3638142.162209284, 10.800100326538086)
(478072.7589796807,3638142.149704586), (478072.7446201913, 3638142.162209284, 10.819003820419312)
(478072.7652918481,3638142.134677049), (478072.7446201913, 3638142.162209284, 10.838823795318604)
(478072.76706712996,3638142.11745948), (478072.7446201913, 3638142.162209284, 10.857170581817627)
(478072.76533411344,3638142.1013561906), (478072.7446201913, 3638142.162209284, 10.87740445137024)
(478072.7927281681,3638142.0623294055), (478072.7927281681, 3638142.0623294055, 10.900166034698486)
(478072.8005856268,3638142.045311585), (478072.7927281681, 3638142.0623294055, 10.91859483718872)
(478072.8098294389,3638142.0301757134), (478072.7927281681, 3638142.0623294055, 10.938555717468262)
(478072.8145088719,3638142.010488201), (478072.7927281681, 3638142.0623294055, 10.957783460617065)
(478072.8146513508,3638141.9820989505), (478072.7927281681, 3638142.0623294055, 10.981346368789673)
(478072.81122588355,3638141.9598078844), (478072.7927281681, 3638142.0623294055, 10.998231887817383)
(478072.861152642,3638141.9845761834), (478072.861152642, 3638141.9845761834, 11.020052909851074)
(478072.87742237776,3638141.966843366), (478072.861152642, 3638141.9845761834, 11.041083097457886)
(478072.88719202223,3638141.955753629), (478072.861152642, 3638141.9845761834, 11.058985948562622)
(478072.89973645675,3638141.940424313), (478072.861152642, 3638141.9845761834, 11.078616857528687)
(478072.9310622661,3638141.873561987), (478072.9310622661, 3638141.873561987, 11.10252070426941)
(478072.9502281291,3638141.84345751), (478072.9310622661, 3638141.873561987, 11.121109008789062)
(478072.9693940546,3638141.8083271342), (478072.9310622661, 3638141.873561987, 11.141338348388672)
(478072.99079922796,3638141.775213026), (478072.9310622661, 3638141.873561987, 11.158851385116577)
(478073.01231355313,3638141.7355378782), (478072.9310622661, 3638141.873561987, 11.179311752319336)
(478073.0087792961,3638141.768073398), (478073.0087792961, 3638141.768073398, 11.202518224716187)
(478073.02635141317,3638141.7449456775), (478073.0087792961, 3638141.768073398, 11.221662759780884)
(478073.04325327056,3638141.724012755), (478073.0087792961, 3638141.768073398, 11.240660667419434)
(478073.0619042091,3638141.695051157), (478073.0087792961, 3638141.768073398, 11.262112617492676)
(478073.0793199523,3638141.674489654), (478073.0087792961, 3638141.768073398, 11.280071258544922)
(478073.0818397924,3638141.671833393), (478073.0818397924, 3638141.671833393, 11.30401611328125)
(478073.09767536016,3638141.651010518), (478073.0818397924, 3638141.671833393, 11.324580907821655)
(478073.1079858743,3638141.634258031), (478073.0818397924, 3638141.671833393, 11.34063458442688)
(478073.1219672696,3638141.6117213117), (478073.0818397924, 3638141.671833393, 11.361731052398682)
(478073.1310795488,3638141.5889713247), (478073.0818397924, 3638141.671833393, 11.380840539932251)
(478073.1501083229,3638141.523869873), (478073.1501083229, 3638141.523869873, 11.402732610702515)
(478073.16816183587,3638141.4957504026), (478073.1501083229, 3638141.523869873, 11.42189645767212)
(478073.1840795046,3638141.465282888), (478073.1501083229, 3638141.523869873, 11.44165825843811)
(478073.2032218138,3638141.435091151), (478073.1501083229, 3638141.523869873, 11.461939334869385)
(478073.2224660207,3638141.404795643), (478073.1501083229, 3638141.523869873, 11.48212480545044)
(478073.2435140431,3638141.462690004), (478073.2435140431, 3638141.462690004, 11.506661415100098)
(478073.2577831043,3638141.4531955877), (478073.2435140431, 3638141.462690004, 11.52297854423523)
(478073.27417648304,3638141.4412452662), (478073.2435140431, 3638141.462690004, 11.542354822158813)
(478073.29170297,3638141.426651031), (478073.2435140431, 3638141.462690004, 11.56239104270935)
(478073.3116984985,3638141.411680831), (478073.2435140431, 3638141.462690004, 11.582895517349243)
(478073.3572280506,3638141.4199415147), (478073.3572280506, 3638141.4199415147, 11.60498857498169)
(478073.3823326833,3638141.4130454217), (478073.3572280506, 3638141.4199415147, 11.624060153961182)
(478073.40488102264,3638141.4091615467), (478073.3572280506, 3638141.4199415147, 11.64343810081482)
(478073.4250433996,3638141.4030015296), (478073.3572280506, 3638141.4199415147, 11.66313910484314)
(478073.45207505644,3638141.394536494), (478073.3572280506, 3638141.4199415147, 11.685428142547607)
(478073.50201574265,3638141.3290851456), (478073.50201574265, 3638141.3290851456, 11.707178592681885)
(478073.52879837225,3638141.3157732715), (478073.50201574265, 3638141.3290851456, 11.726195812225342)
(478073.5550594318,3638141.3015635544), (478073.50201574265, 3638141.3290851456, 11.744433403015137)
(478073.5870733753,3638141.2894085706), (478073.50201574265, 3638141.3290851456, 11.76415228843689)
(478073.6160393151,3638141.27479449), (478073.50201574265, 3638141.3290851456, 11.78408145904541)
(478073.6156681988,3638141.258622067), (478073.6156681988, 3638141.258622067, 11.807806015014648)
(478073.63602458837,3638141.2481587096), (478073.6156681988, 3638141.258622067, 11.826566457748413)
(478073.65743002127,3638141.2327184114), (478073.6156681988, 3638141.258622067, 11.84604549407959)
(478073.6782200905,3638141.2201627237), (478073.6156681988, 3638141.258622067, 11.865888595581055)
(478073.6993323468,3638141.202859019), (478073.6156681988, 3638141.258622067, 11.886202335357666)
(478073.6841501348,3638141.2067358037), (478073.6841501348, 3638141.2067358037, 11.910026788711548)
(478073.693714521,3638141.201102243), (478073.6841501348, 3638141.2067358037, 11.931504726409912)
(478073.6995119628,3638141.1958063776), (478073.6841501348, 3638141.2067358037, 11.94592022895813)
(478073.70560254867,3638141.1867518704), (478073.6841501348, 3638141.2067358037, 11.96627950668335)
(478073.7110771036,3638141.1770375287), (478073.6841501348, 3638141.2067358037, 11.986272096633911)
(478073.73707471247,3638141.1696652826), (478073.73707471247, 3638141.1696652826, 12.008466720581055)
(478073.7504358666,3638141.1623402652), (478073.73707471247, 3638141.1696652826, 12.031257390975952)
(478073.7593103139,3638141.1563964025), (478073.73707471247, 3638141.1696652826, 12.047365188598633)
(478073.7720766109,3638141.1499446514), (478073.73707471247, 3638141.1696652826, 12.068209409713745)
(478073.7650796045,3638141.143736002), (478073.7650796045, 3638141.143736002, 12.091598749160767)
(478073.77604823274,3638141.135215306), (478073.7650796045, 3638141.143736002, 12.12778115272522)
(478073.77698692825,3638141.13447385), (478073.7650796045, 3638141.143736002, 12.130958318710327)
(478073.7818740633,3638141.1311889333), (478073.7650796045, 3638141.143736002, 12.152267932891846)
(478073.7853761928,3638141.129406867), (478073.7650796045, 3638141.143736002, 12.171260118484497)
(478073.78762925044,3638141.1291528987), (478073.7650796045, 3638141.143736002, 12.19109058380127)
(478073.769740247,3638141.136335055), (478073.769740247, 3638141.136335055, 12.213371276855469)
(478073.7715260272,3638141.1348112747), (478073.769740247, 3638141.136335055, 12.23403000831604)
(478073.77290424384,3638141.1334565473), (478073.769740247, 3638141.136335055, 12.251574993133545)
(478073.77390014793,3638141.132750738), (478073.769740247, 3638141.136335055, 12.271715641021729)
(478073.73704188265,3638141.1548841675), (478073.73704188265, 3638141.1548841675, 12.29345178604126)
(478073.72875222523,3638141.1600970323), (478073.73704188265, 3638141.1548841675, 12.314449071884155)
(478073.7200400699,3638141.167041335), (478073.73704188265, 3638141.1548841675, 12.3371422290802)
(478073.7142212612,3638141.171626763), (478073.73704188265, 3638141.1548841675, 12.3524010181427)
(478073.70612437313,3638141.177260212), (478073.73704188265, 3638141.1548841675, 12.372336387634277)
(478073.67946897366,3638141.2048985525), (478073.67946897366, 3638141.2048985525, 12.397914171218872)
(478073.6712626005,3638141.212930236), (478073.67946897366, 3638141.2048985525, 12.41364860534668)
(478073.6629928816,3638141.2253877), (478073.67946897366, 3638141.2048985525, 12.433526992797852)
(478073.65396465024,3638141.2370117866), (478073.67946897366, 3638141.2048985525, 12.453190326690674)
(478073.64490302716,3638141.2496653595), (478073.67946897366, 3638141.2048985525, 12.47379994392395)
(478073.6312132486,3638141.238263407), (478073.6312132486, 3638141.238263407, 12.496800184249878)
(478073.6234373045,3638141.24464521), (478073.6312132486, 3638141.238263407, 12.514119863510132)
(478073.6194747708,3638141.2572556552), (478073.6312132486, 3638141.238263407, 12.534837484359741)
(478073.61179711315,3638141.264788484), (478073.6312132486, 3638141.238263407, 12.554242134094238)
(478073.60434834607,3638141.272967296), (478073.6312132486, 3638141.238263407, 12.574203968048096)
(478073.57514190715,3638141.2624073774), (478073.57514190715, 3638141.2624073774, 12.597104549407959)
(478073.5647143242,3638141.2670998536), (478073.57514190715, 3638141.2624073774, 12.615700006484985)
(478073.55247968715,3638141.277092056), (478073.57514190715, 3638141.2624073774, 12.639237403869629)
(478073.5478821378,3638141.288946738), (478073.57514190715, 3638141.2624073774, 12.656748294830322)
(478073.54296807025,3638141.302374368), (478073.57514190715, 3638141.2624073774, 12.676260232925415)
(478073.5112426426,3638141.2717875466), (478073.5112426426, 3638141.2717875466, 12.696907043457031)
(478073.4882331946,3638141.26203131), (478073.5112426426, 3638141.2717875466, 12.724457502365112)
(478073.4779280541,3638141.2563919276), (478073.5112426426, 3638141.2717875466, 12.736027956008911)
(478073.45948617515,3638141.2450429793), (478073.5112426426, 3638141.2717875466, 12.755942106246948)
(478073.4396714439,3638141.233375581), (478073.5112426426, 3638141.2717875466, 12.776119709014893)
(478073.4364302421,3638141.281191955), (478073.4364302421, 3638141.281191955, 12.800216674804688)
(478073.42331319343,3638141.2818183536), (478073.4364302421, 3638141.281191955, 12.816462993621826)
(478073.4041350908,3638141.284055145), (478073.4364302421, 3638141.281191955, 12.83940052986145)
(478073.39003565593,3638141.2863636296), (478073.4364302421, 3638141.281191955, 12.856788396835327)
(478073.3725708435,3638141.2881940324), (478073.4364302421, 3638141.281191955, 12.876419067382812)
(478073.32577271375,3638141.296218924), (478073.32577271375, 3638141.296218924, 12.904143333435059)
(478073.3129957171,3638141.3003110695), (478073.32577271375, 3638141.296218924, 12.91886281967163)
(478073.29486747883,3638141.306741655), (478073.32577271375, 3638141.296218924, 12.938749551773071)
(478073.2754909499,3638141.313467296), (478073.32577271375, 3638141.296218924, 12.957188129425049)
(478073.255959352,3638141.3199221), (478073.32577271375, 3638141.296218924, 12.978135824203491)
(478073.1667486591,3638141.294724486), (478073.1667486591, 3638141.294724486, 13.00229024887085)
(478073.1281341301,3638141.2921044123), (478073.1667486591, 3638141.294724486, 13.022841930389404)
(478073.0914016582,3638141.2884213575), (478073.1667486591, 3638141.294724486, 13.043081998825073)
(478073.0677702565,3638141.289659438), (478073.1667486591, 3638141.294724486, 13.058401584625244)
(478073.0318972083,3638141.295117807), (478073.1667486591, 3638141.294724486, 13.077960968017578)
(478072.9514316529,3638141.217601495), (478072.9514316529, 3638141.217601495, 13.11457633972168)
(478072.9360501396,3638141.211604423), (478072.9514316529, 3638141.217601495, 13.122750282287598)
(478072.90561298246,3638141.199361672), (478072.9514316529, 3638141.217601495, 13.138843059539795)
(478072.86723372166,3638141.1849560197), (478072.9514316529, 3638141.217601495, 13.158662796020508)
(478072.82878264657,3638141.1707518147), (478072.9514316529, 3638141.217601495, 13.17923641204834)
(478072.72526717687,3638141.1700649783), (478072.72526717687, 3638141.1700649783, 13.210351467132568)
(478072.69661393395,3638141.1634431905), (478072.72526717687, 3638141.1700649783, 13.222450256347656)
(478072.6546036284,3638141.153868462), (478072.72526717687, 3638141.1700649783, 13.23982858657837)
(478072.60047836805,3638141.142124541), (478072.72526717687, 3638141.1700649783, 13.261884927749634)
(478072.4413820503,3638141.106027838), (478072.4413820503, 3638141.106027838, 13.284756183624268)
(478072.3714741445,3638141.090204762), (478072.4413820503, 3638141.106027838, 13.302959203720093)
(478072.3009628382,3638141.076801293), (478072.4413820503, 3638141.106027838, 13.321107387542725)
(478072.2223205286,3638141.0635027336), (478072.4413820503, 3638141.106027838, 13.341001510620117)
(478072.14079532016,3638141.049240583), (478072.4413820503, 3638141.106027838, 13.361021041870117)
(478072.21340820263,3638140.945788788), (478072.21340820263, 3638140.945788788, 13.381500720977783)
(478072.1606480747,3638140.91346902), (478072.21340820263, 3638140.945788788, 13.402705192565918)
(478072.10465916834,3638140.8765783035), (478072.21340820263, 3638140.945788788, 13.424170970916748)
(478072.0629210869,3638140.8469564584), (478072.21340820263, 3638140.945788788, 13.441378831863403)
(478072.01301652,3638140.816484219), (478072.21340820263, 3638140.945788788, 13.461467504501343)
(478071.98231630924,3638140.7855566717), (478071.98231630924, 3638140.7855566717, 13.488773345947266)
(478071.95037134166,3638140.7628937275), (478071.98231630924, 3638140.7855566717, 13.503754615783691)
(478071.9011429044,3638140.727364832), (478071.98231630924, 3638140.7855566717, 13.525813102722168)
(478071.86160290096,3638140.6998822084), (478071.98231630924, 3638140.7855566717, 13.542865753173828)
(478071.814655636,3638140.6687855073), (478071.98231630924, 3638140.7855566717, 13.562928676605225)
(478071.7712685383,3638140.638807695), (478071.98231630924, 3638140.7855566717, 13.58291745185852)
(478071.7948810503,3638140.6270752335), (478071.7948810503, 3638140.6270752335, 13.60471773147583)
(478071.75999393,3638140.597186328), (478071.7948810503, 3638140.6270752335, 13.626098871231079)
(478071.7282212018,3638140.5702584703), (478071.7948810503, 3638140.6270752335, 13.644968032836914)
(478071.69736443344,3638140.5438677706), (478071.7948810503, 3638140.6270752335, 13.66323471069336)
(478071.5654918066,3638140.531507044), (478071.5654918066, 3638140.531507044, 13.686845064163208)
(478071.51986532577,3638140.512775581), (478071.5654918066, 3638140.531507044, 13.703444719314575)
(478071.46067793627,3638140.4893420287), (478071.5654918066, 3638140.531507044, 13.725032091140747)
(478071.4071956049,3638140.4696957744), (478071.5654918066, 3638140.531507044, 13.7435781955719)
(478071.34272978,3638140.4506612946), (478071.5654918066, 3638140.531507044, 13.764976263046265)
(478071.3610714914,3638140.446969287), (478071.3610714914, 3638140.446969287, 13.784743070602417)
(478071.31205697893,3638140.429118393), (478071.3610714914, 3638140.446969287, 13.80633020401001)
(478071.2661537248,3638140.4107289906), (478071.3610714914, 3638140.446969287, 13.825922727584839)
(478071.223773805,3638140.390950655), (478071.3610714914, 3638140.446969287, 13.845861673355103)
(478071.17930580745,3638140.3738491544), (478071.3610714914, 3638140.446969287, 13.865671634674072)
(478071.1706905543,3638140.3660956435), (478071.1706905543, 3638140.3660956435, 13.88857889175415)
(478071.13764393405,3638140.3505599517), (478071.1706905543, 3638140.3660956435, 13.906502962112427)
(478071.1038938175,3638140.3355420195), (478071.1706905543, 3638140.3660956435, 13.92580270767212)
(478071.06942751876,3638140.3199764844), (478071.1706905543, 3638140.3660956435, 13.945332527160645)
(478071.0300628643,3638140.3028336256), (478071.1706905543, 3638140.3660956435, 13.965941667556763)
(478070.99260072736,3638140.287426706), (478071.1706905543, 3638140.3660956435, 13.986385107040405)
(478071.13255995844,3638140.044689491), (478071.13255995844, 3638140.044689491, 14.0090172290802)
(478071.12630849396,3638139.9934674385), (478071.13255995844, 3638140.044689491, 14.028478384017944)
(478071.1204960957,3638139.948201817), (478071.13255995844, 3638140.044689491, 14.045755624771118)
(478071.11461643426,3638139.8969845497), (478071.13255995844, 3638140.044689491, 14.066295385360718)
(478070.9965312695,3638139.8676173934), (478070.9965312695, 3638139.8676173934, 14.08869981765747)
(478070.95378063136,3638139.811213948), (478070.9965312695, 3638139.8676173934, 14.114688396453857)
(478070.9323030615,3638139.7831007848), (478070.9965312695, 3638139.8676173934, 14.127711057662964)
(478070.9010626504,3638139.745099153), (478070.9965312695, 3638139.8676173934, 14.146287679672241)
(478070.8653845884,3638139.7006993024), (478070.9965312695, 3638139.8676173934, 14.16657042503357)
(478070.83027777146,3638139.65640971), (478070.9965312695, 3638139.8676173934, 14.18660020828247)
(478070.82944531675,3638139.7460437426), (478070.82944531675, 3638139.7460437426, 14.211097955703735)
(478070.8032448984,3638139.731441735), (478070.82944531675, 3638139.7460437426, 14.22797966003418)
(478070.7772278694,3638139.708831068), (478070.82944531675, 3638139.7460437426, 14.2474365234375)
(478070.7510025377,3638139.6876322697), (478070.82944531675, 3638139.7460437426, 14.266981363296509)
(478070.7243782204,3638139.6647135974), (478070.82944531675, 3638139.7460437426, 14.287644147872925)
(478070.6358314024,3638139.6134431325), (478070.6358314024, 3638139.6134431325, 14.310205459594727)
(478070.5944073,3638139.5864647077), (478070.6358314024, 3638139.6134431325, 14.331090450286865)
(478070.5560501843,3638139.5681120465), (478070.6358314024, 3638139.6134431325, 14.35005784034729)
(478070.5167167233,3638139.55142194), (478070.6358314024, 3638139.6134431325, 14.367846727371216)
(478070.4632139896,3638139.522086501), (478070.6358314024, 3638139.6134431325, 14.38821291923523)
(478070.40952322347,3638139.5012392867), (478070.40952322347, 3638139.5012392867, 14.412801027297974)
(478070.367077279,3638139.4833282377), (478070.40952322347, 3638139.5012392867, 14.431036472320557)
(478070.3208782857,3638139.4612221927), (478070.40952322347, 3638139.5012392867, 14.449649333953857)
(478070.2657486568,3638139.440461577), (478070.40952322347, 3638139.5012392867, 14.470630168914795)
(478070.13964868605,3638139.427932847), (478070.13964868605, 3638139.427932847, 14.493062496185303)
(478070.07515571546,3638139.414852462), (478070.13964868605, 3638139.427932847, 14.513381719589233)
(478070.01886474143,3638139.403041812), (478070.13964868605, 3638139.427932847, 14.531150102615356)
(478069.958549205,3638139.389390151), (478070.13964868605, 3638139.427932847, 14.549437999725342)
(478069.89245664724,3638139.3759457767), (478070.13964868605, 3638139.427932847, 14.569757223129272)
(478069.8761374626,3638139.4118893854), (478069.8761374626, 3638139.4118893854, 14.59142017364502)
(478069.8229622217,3638139.410969147), (478069.8761374626, 3638139.4118893854, 14.612051725387573)
(478069.7743343649,3638139.4120732057), (478069.8761374626, 3638139.4118893854, 14.631328105926514)
(478069.723242204,3638139.4117731927), (478069.8761374626, 3638139.4118893854, 14.650699615478516)
(478069.67219714634,3638139.4117021854), (478069.8761374626, 3638139.4118893854, 14.670597076416016)
(478069.5830787483,3638139.429169244), (478069.5830787483, 3638139.429169244, 14.691226720809937)
(478069.5220574132,3638139.4345008624), (478069.5830787483, 3638139.429169244, 14.711293458938599)
(478069.4584660896,3638139.4363285126), (478069.5830787483, 3638139.429169244, 14.73108959197998)
(478069.39578516426,3638139.434739155), (478069.5830787483, 3638139.429169244, 14.751586437225342)
(478069.33793746575,3638139.4331284375), (478069.5830787483, 3638139.429169244, 14.77055025100708)
(478069.2728790307,3638139.450182488), (478069.2728790307, 3638139.450182488, 14.793415546417236)
(478069.2022882461,3638139.442373339), (478069.2728790307, 3638139.450182488, 14.813018321990967)
(478069.13951982,3638139.4320597397), (478069.2728790307, 3638139.450182488, 14.831251859664917)
(478069.0691801017,3638139.4216905353), (478069.2728790307, 3638139.450182488, 14.851945400238037)
(478069.00249941234,3638139.41512857), (478069.2728790307, 3638139.450182488, 14.871618747711182)
(478068.9657932509,3638139.4693411747), (478068.9657932509, 3638139.4693411747, 14.896108388900757)
(478068.90229945496,3638139.468755011), (478068.9657932509, 3638139.4693411747, 14.915591955184937)
(478068.8490329255,3638139.4654260054), (478068.9657932509, 3638139.4693411747, 14.932822227478027)
(478068.79008121294,3638139.463266633), (478068.9657932509, 3638139.4693411747, 14.95275592803955)
(478068.72970874,3638139.464238468), (478068.9657932509, 3638139.4693411747, 14.972620725631714)
(478068.6883247336,3638139.486586427), (478068.6883247336, 3638139.486586427, 14.995755910873413)
(478068.6177996577,3638139.4917911687), (478068.6883247336, 3638139.486586427, 15.021405458450317)
(478068.58382241323,3638139.4935370856), (478068.6883247336, 3638139.486586427, 15.034183979034424)
(478068.5331757087,3638139.495710156), (478068.6883247336, 3638139.486586427, 15.053298711776733)
(478068.4800556635,3638139.496737746), (478068.6883247336, 3638139.486586427, 15.072966575622559)
(478068.42641357565,3638139.4890159355), (478068.42641357565, 3638139.4890159355, 15.09995174407959)
(478068.38680199406,3638139.4882941204), (478068.42641357565, 3638139.4890159355, 15.115200996398926)
(478068.3379665153,3638139.4905496733), (478068.42641357565, 3638139.4890159355, 15.134456396102905)
(478068.28774374444,3638139.490429564), (478068.42641357565, 3638139.4890159355, 15.154511213302612)
(478068.23525974096,3638139.491006526), (478068.42641357565, 3638139.4890159355, 15.17463994026184)
(478068.1835718702,3638139.6539961607), (478068.1835718702, 3638139.6539961607, 15.196083068847656)
(478068.1326837667,3638139.692619727), (478068.1835718702, 3638139.6539961607, 15.216448545455933)
(478068.0788333361,3638139.727854817), (478068.1835718702, 3638139.6539961607, 15.236638069152832)
(478068.0299276122,3638139.7611529445), (478068.1835718702, 3638139.6539961607, 15.255242347717285)
(478067.97956149955,3638139.7971046963), (478068.1835718702, 3638139.6539961607, 15.274670124053955)
(478067.92470897123,3638139.6250088834), (478067.92470897123, 3638139.6250088834, 15.296948194503784)
(478067.8772414831,3638139.6195071335), (478067.92470897123, 3638139.6250088834, 15.315516233444214)
(478067.8298040431,3638139.61565325), (478067.92470897123, 3638139.6250088834, 15.335589170455933)
(478067.77948881895,3638139.6071306444), (478067.92470897123, 3638139.6250088834, 15.355072021484375)
(478067.72253386176,3638139.5958656897), (478067.92470897123, 3638139.6250088834, 15.37544846534729)
(478067.68766002974,3638139.590430204), (478067.68766002974, 3638139.590430204, 15.400234937667847)
(478067.6523121811,3638139.585160589), (478067.68766002974, 3638139.590430204, 15.415948390960693)
(478067.60722649493,3638139.5763985463), (478067.68766002974, 3638139.590430204, 15.436644315719604)
(478067.5627537167,3638139.566829968), (478067.68766002974, 3638139.590430204, 15.456341028213501)
(478067.51978868153,3638139.5556114404), (478067.68766002974, 3638139.590430204, 15.47577691078186)
(478067.43969795085,3638139.5558757763), (478067.43969795085, 3638139.5558757763, 15.497600793838501)
(478067.38217894966,3638139.546445102), (478067.43969795085, 3638139.5558757763, 15.519282579421997)
(478067.338198243,3638139.5372036314), (478067.43969795085, 3638139.5558757763, 15.536150693893433)
(478067.28363354795,3638139.5286755906), (478067.43969795085, 3638139.5558757763, 15.557136058807373)
(478067.22785816976,3638139.5160035514), (478067.43969795085, 3638139.5558757763, 15.577608108520508)
(478067.13870457886,3638139.510353283), (478067.13870457886, 3638139.510353283, 15.6012442111969)
(478067.0834050035,3638139.499947272), (478067.13870457886, 3638139.510353283, 15.619445085525513)
(478067.0238115588,3638139.4909094), (478067.13870457886, 3638139.510353283, 15.640252113342285)
(478066.97121064254,3638139.481211583), (478067.13870457886, 3638139.510353283, 15.657474279403687)
(478066.9112226919,3638139.4717653687), (478067.13870457886, 3638139.510353283, 15.678164958953857)
(478066.8878009727,3638139.5552542945), (478066.8878009727, 3638139.5552542945, 15.701075553894043)
(478066.839083264,3638139.5595893497), (478066.8878009727, 3638139.5552542945, 15.719613313674927)
(478066.79226168315,3638139.572793416), (478066.8878009727, 3638139.5552542945, 15.739776849746704)
(478066.7480124218,3638139.582710021), (478066.8878009727, 3638139.5552542945, 15.75845718383789)
(478066.7016320273,3638139.595989292), (478066.8878009727, 3638139.5552542945, 15.778174877166748)
(478066.59484078875,3638139.6168775894), (478066.59484078875, 3638139.6168775894, 15.800171375274658)
(478066.53800419095,3638139.628088856), (478066.59484078875, 3638139.6168775894, 15.819469928741455)
(478066.48104874464,3638139.6436365996), (478066.59484078875, 3638139.6168775894, 15.839125871658325)
(478066.41711419856,3638139.655368076), (478066.59484078875, 3638139.6168775894, 15.861713171005249)
(478066.34559062455,3638139.704270858), (478066.34559062455, 3638139.704270858, 15.8830406665802)
(478066.28906172246,3638139.722314947), (478066.34559062455, 3638139.704270858, 15.901256084442139)
(478066.22438641766,3638139.7441564486), (478066.34559062455, 3638139.704270858, 15.921740055084229)
(478066.16938922706,3638139.763940554), (478066.34559062455, 3638139.704270858, 15.939146995544434)
(478066.1055635047,3638139.7860636134), (478066.34559062455, 3638139.704270858, 15.959072589874268)
(478066.04229302634,3638139.8094917866), (478066.34559062455, 3638139.704270858, 15.979227066040039)
(478066.1042217698,3638139.8304472417), (478066.1042217698, 3638139.8304472417, 16.004791975021362)
(478066.0692090326,3638139.8474025116), (478066.1042217698, 3638139.8304472417, 16.021742343902588)
(478066.0205105575,3638139.87252573), (478066.1042217698, 3638139.8304472417, 16.042842864990234)
(478065.9819833376,3638139.8949450087), (478066.1042217698, 3638139.8304472417, 16.060266494750977)
(478065.9394288867,3638139.917029094), (478066.1042217698, 3638139.8304472417, 16.07993197441101)
(478065.88174588705,3638140.0397258424), (478065.88174588705, 3638140.0397258424, 16.103455781936646)
(478065.8359716316,3638140.0883663627), (478065.88174588705, 3638140.0397258424, 16.124045848846436)
(478065.7988237734,3638140.1258929074), (478065.88174588705, 3638140.0397258424, 16.141093730926514)
(478065.7473612307,3638140.181381246), (478065.88174588705, 3638140.0397258424, 16.163599967956543)
(478065.7093671787,3638140.222914428), (478065.88174588705, 3638140.0397258424, 16.181283950805664)
(478065.68273330235,3638140.2840576377), (478065.68273330235, 3638140.2840576377, 16.203462839126587)
(478065.64491076424,3638140.3356762994), (478065.68273330235, 3638140.2840576377, 16.223557472229004)
(478065.5990465096,3638140.3784728213), (478065.68273330235, 3638140.2840576377, 16.24331760406494)
(478065.56064182357,3638140.423523299), (478065.68273330235, 3638140.2840576377, 16.261631727218628)
(478065.5094886458,3638140.466239445), (478065.68273330235, 3638140.2840576377, 16.282255172729492)
(478065.46345347754,3638140.5284344694), (478065.46345347754, 3638140.5284344694, 16.303671836853027)
(478065.42104791687,3638140.578876617), (478065.46345347754, 3638140.5284344694, 16.323634147644043)
(478065.3744854129,3638140.6312662256), (478065.46345347754, 3638140.5284344694, 16.3451828956604)
(478065.33586693456,3638140.671753451), (478065.46345347754, 3638140.5284344694, 16.362205743789673)
(478065.23006859503,3638140.739584971), (478065.23006859503, 3638140.739584971, 16.386743783950806)
(478065.1838909525,3638140.782206281), (478065.23006859503, 3638140.739584971, 16.402971267700195)
(478065.1235695515,3638140.838030573), (478065.23006859503, 3638140.739584971, 16.424623727798462)
(478065.07348236366,3638140.8855538676), (478065.23006859503, 3638140.739584971, 16.443010807037354)
(478065.01922629995,3638140.939660723), (478065.23006859503, 3638140.739584971, 16.463513612747192)
(478064.964769223,3638140.9963062666), (478065.23006859503, 3638140.739584971, 16.484299659729004)
(478064.9559111126,3638140.843662454), (478064.9559111126, 3638140.843662454, 16.5076847076416)
(478064.8993525375,3638140.866038397), (478064.9559111126, 3638140.843662454, 16.53168272972107)
(478064.86829093634,3638140.8783969893), (478064.9559111126, 3638140.843662454, 16.5446457862854)
(478064.8226727376,3638140.8921533655), (478064.9559111126, 3638140.843662454, 16.564863443374634)
(478064.6863814258,3638140.9255578797), (478064.6863814258, 3638140.9255578797, 16.59283947944641)
(478064.6453488594,3638140.9403174203), (478064.6863814258, 3638140.9255578797, 16.605698823928833)
(478064.5712105834,3638140.96258692), (478064.6863814258, 3638140.9255578797, 16.62764620780945)
(478064.50632506044,3638140.9765631477), (478064.6863814258, 3638140.9255578797, 16.64593243598938)
(478064.4324791728,3638140.9995336337), (478064.6863814258, 3638140.9255578797, 16.66653847694397)
(478064.418418976,3638141.0111451275), (478064.418418976, 3638141.0111451275, 16.687255144119263)
(478064.36818456923,3638141.0278479685), (478064.418418976, 3638141.0111451275, 16.707964658737183)
(478064.30578632344,3638141.0479766987), (478064.418418976, 3638141.0111451275, 16.73375177383423)
(478064.27365990897,3638141.0561305275), (478064.418418976, 3638141.0111451275, 16.746339082717896)
(478064.21807568776,3638141.0722806626), (478064.418418976, 3638141.0111451275, 16.768330097198486)
(478064.16659774823,3638141.08423176), (478064.418418976, 3638141.0111451275, 16.78748607635498)
(478064.15362383303,3638141.118897128), (478064.15362383303, 3638141.118897128, 16.836106061935425)
(478064.1479860986,3638141.121238789), (478064.15362383303, 3638141.118897128, 16.839266300201416)
(478064.1104437457,3638141.1360785128), (478064.15362383303, 3638141.118897128, 16.860147714614868)
(478064.07465395075,3638141.1512824856), (478064.15362383303, 3638141.118897128, 16.87987184524536)
(478063.90278186434,3638141.1915128063), (478063.90278186434, 3638141.1915128063, 16.902027130126953)
(478063.822912104,3638141.2152029104), (478063.90278186434, 3638141.1915128063, 16.92302107810974)
(478063.76072915527,3638141.2347534564), (478063.90278186434, 3638141.1915128063, 16.93980622291565)
(478063.68716202304,3638141.2595749614), (478063.90278186434, 3638141.1915128063, 16.96028208732605)
(478063.61497791455,3638141.2841082024), (478063.90278186434, 3638141.1915128063, 16.980890035629272)
(478063.7220136474,3638141.22701981), (478063.7220136474, 3638141.22701981, 17.001516342163086)
(478063.667424719,3638141.2362362463), (478063.7220136474, 3638141.22701981, 17.029152393341064)
(478063.6404307435,3638141.2413993506), (478063.7220136474, 3638141.22701981, 17.0423903465271)
(478063.605053063,3638141.250563732), (478063.7220136474, 3638141.22701981, 17.060657024383545)
(478063.56490671716,3638141.2602245267), (478063.7220136474, 3638141.22701981, 17.081027030944824)
(478063.591109412,3638141.251330123), (478063.591109412, 3638141.251330123, 17.104047775268555)
(478063.56387530046,3638141.2616747487), (478063.591109412, 3638141.251330123, 17.124089241027832)
(478063.5407099392,3638141.269543938), (478063.591109412, 3638141.251330123, 17.14280891418457)
(478063.5163413891,3638141.2786260815), (478063.591109412, 3638141.251330123, 17.162091732025146)
(478063.4926255169,3638141.2884807177), (478063.591109412, 3638141.251330123, 17.181697845458984)
(478063.4492674095,3638141.264578851), (478063.4492674095, 3638141.264578851, 17.214587450027466)
(478063.42819339933,3638141.267520064), (478063.4492674095, 3638141.264578851, 17.230098247528076)
(478063.4114971027,3638141.2701715822), (478063.4492674095, 3638141.264578851, 17.243496656417847)
(478063.3844152789,3638141.272556819), (478063.4492674095, 3638141.264578851, 17.263388633728027)
(478063.3184493922,3638141.327689595), (478063.3184493922, 3638141.327689595, 17.294244527816772)
(478063.3004365449,3638141.3362980764), (478063.3184493922, 3638141.327689595, 17.304774045944214)
(478063.26898343454,3638141.352149767), (478063.3184493922, 3638141.327689595, 17.324172258377075)
(478063.2311279516,3638141.372106156), (478063.3184493922, 3638141.327689595, 17.346040725708008)
(478063.2022437621,3638141.3880019323), (478063.3184493922, 3638141.327689595, 17.3638117313385)
(478063.1639094196,3638141.408890964), (478063.3184493922, 3638141.327689595, 17.384222745895386)
(478063.1924890897,3638141.4720860864), (478063.1924890897, 3638141.4720860864, 17.405694484710693)
(478063.17304440367,3638141.4990228284), (478063.1924890897, 3638141.4720860864, 17.42479372024536)
(478063.15146591153,3638141.525528334), (478063.1924890897, 3638141.4720860864, 17.44478964805603)
(478063.1327170766,3638141.556591437), (478063.1924890897, 3638141.4720860864, 17.465355396270752)
(478063.11139742576,3638141.582894654), (478063.1924890897, 3638141.4720860864, 17.48527193069458)
(478062.96505705744,3638141.5557356607), (478062.96505705744, 3638141.5557356607, 17.516125202178955)
(478062.941490289,3638141.5643371553), (478062.96505705744, 3638141.5557356607, 17.52724051475525)
(478062.90144805325,3638141.5812066444), (478062.96505705744, 3638141.5557356607, 17.546924829483032)
(478062.85899490735,3638141.5970613067), (478062.96505705744, 3638141.5557356607, 17.566659927368164)
(478062.81776871206,3638141.614848783), (478062.96505705744, 3638141.5557356607, 17.586349964141846)
(478062.734478248,3638141.6264586938), (478062.734478248, 3638141.6264586938, 17.607393980026245)
(478062.6799826946,3638141.642908932), (478062.734478248, 3638141.6264586938, 17.62919592857361)
(478062.636561245,3638141.6558370716), (478062.734478248, 3638141.6264586938, 17.646576404571533)
(478062.58723101375,3638141.6722584805), (478062.734478248, 3638141.6264586938, 17.666828155517578)
(478062.463311573,3638141.6732524945), (478062.463311573, 3638141.6732524945, 17.69050168991089)
(478062.4014219873,3638141.684884346), (478062.463311573, 3638141.6732524945, 17.70939326286316)
(478062.3332572527,3638141.6959070754), (478062.463311573, 3638141.6732524945, 17.729581117630005)
(478062.2712574693,3638141.703403035), (478062.463311573, 3638141.6732524945, 17.747852087020874)
(478062.20549804915,3638141.711157357), (478062.463311573, 3638141.6732524945, 17.76791524887085)
(478062.13920545124,3638141.7210747735), (478062.463311573, 3638141.6732524945, 17.78764033317566)
(478062.15929053305,3638141.668385151), (478062.15929053305, 3638141.668385151, 17.81192636489868)
(478062.11584679136,3638141.666642174), (478062.15929053305, 3638141.668385151, 17.828771829605103)
(478062.06816664303,3638141.666447705), (478062.15929053305, 3638141.668385151, 17.848660945892334)
(478062.0157642652,3638141.664745099), (478062.15929053305, 3638141.668385151, 17.868733882904053)
(478061.8990944784,3638141.7410216685), (478061.8990944784, 3638141.7410216685, 17.894670248031616)
(478061.84525979136,3638141.7523873593), (478061.8990944784, 3638141.7410216685, 17.910801887512207)
(478061.78171784704,3638141.770983994), (478061.8990944784, 3638141.7410216685, 17.93125820159912)
(478061.7226785341,3638141.7853544876), (478061.8990944784, 3638141.7410216685, 17.94938349723816)
(478061.66055271437,3638141.8045189646), (478061.8990944784, 3638141.7410216685, 17.969404697418213)
(478061.59695093764,3638141.8245416526), (478061.8990944784, 3638141.7410216685, 17.990156412124634)
(478061.6436822381,3638141.8616864257), (478061.6436822381, 3638141.8616864257, 18.0142183303833)
(478061.60459399683,3638141.87466877), (478061.6436822381, 3638141.8616864257, 18.03067660331726)
(478061.5616111722,3638141.8902186244), (478061.6436822381, 3638141.8616864257, 18.04989218711853)
(478061.51050783193,3638141.904660147), (478061.6436822381, 3638141.8616864257, 18.070804595947266)
(478061.36794527475,3638141.956529277), (478061.36794527475, 3638141.956529277, 18.091899394989014)
(478061.29004175717,3638141.9825777854), (478061.36794527475, 3638141.956529277, 18.11368179321289)
(478061.2262533126,3638142.0030679335), (478061.36794527475, 3638141.956529277, 18.1316339969635)
(478061.1570577394,3638142.025908124), (478061.36794527475, 3638141.956529277, 18.151260137557983)
(478061.0876295144,3638142.048193185), (478061.36794527475, 3638141.956529277, 18.171252489089966)
(478061.1296453029,3638142.0605271813), (478061.1296453029, 3638142.0605271813, 18.197490453720093)
(478061.0960506001,3638142.074392726), (478061.1296453029, 3638142.0605271813, 18.212305545806885)
(478061.04585144523,3638142.093752841), (478061.1296453029, 3638142.0605271813, 18.233700275421143)
(478060.9998680756,3638142.1127337194), (478061.1296453029, 3638142.0605271813, 18.252143383026123)
(478060.94975600473,3638142.137595441), (478061.1296453029, 3638142.0605271813, 18.272677183151245)
(478060.9085438184,3638142.186658653), (478060.9085438184, 3638142.186658653, 18.294621229171753)
(478060.8638410509,3638142.211864574), (478060.9085438184, 3638142.186658653, 18.31348419189453)
(478060.8226088776,3638142.239514781), (478060.9085438184, 3638142.186658653, 18.33238172531128)
(478060.77573615237,3638142.264851408), (478060.9085438184, 3638142.186658653, 18.352858543395996)
(478060.7290210519,3638142.291181213), (478060.9085438184, 3638142.186658653, 18.37291169166565)
(478060.7328633037,3638142.406919265), (478060.7328633037, 3638142.406919265, 18.393717288970947)
(478060.695064883,3638142.4513975), (478060.7328633037, 3638142.406919265, 18.413827657699585)
(478060.6531442837,3638142.493326091), (478060.7328633037, 3638142.406919265, 18.43439555168152)
(478060.6148311103,3638142.5334637896), (478060.7328633037, 3638142.406919265, 18.453163862228394)
(478060.57593289186,3638142.5749295657), (478060.7328633037, 3638142.406919265, 18.473093032836914)
(478060.54460799287,3638142.5810166113), (478060.54460799287, 3638142.5810166113, 18.495285987854004)
(478060.506486083,3638142.6171046924), (478060.54460799287, 3638142.5810166113, 18.514241456985474)
(478060.4646125693,3638142.655699999), (478060.54460799287, 3638142.5810166113, 18.535337209701538)
(478060.4263551995,3638142.69459648), (478060.54460799287, 3638142.5810166113, 18.554798364639282)
(478060.3901399591,3638142.7311960864), (478060.54460799287, 3638142.5810166113, 18.574506282806396)
(478060.33288938453,3638142.720060785), (478060.33288938453, 3638142.720060785, 18.59770655632019)
(478060.29642457434,3638142.7504887893), (478060.33288938453, 3638142.720060785, 18.617238521575928)
(478060.2674755183,3638142.7828825507), (478060.33288938453, 3638142.720060785, 18.635180711746216)
(478060.23690342694,3638142.825455104), (478060.33288938453, 3638142.720060785, 18.65541982650757)
(478060.20623827196,3638142.868001139), (478060.33288938453, 3638142.720060785, 18.67507839202881)
(478060.1118084563,3638142.855430473), (478060.1118084563, 3638142.855430473, 18.699187755584717)
(478060.0659921238,3638142.883680199), (478060.1118084563, 3638142.855430473, 18.719377279281616)
(478060.0257439157,3638142.9068409097), (478060.1118084563, 3638142.855430473, 18.736889123916626)
(478059.9862901676,3638142.9329872355), (478060.1118084563, 3638142.855430473, 18.755754470825195)
(478059.93969604233,3638142.963650317), (478060.1118084563, 3638142.855430473, 18.777071714401245)
(478059.8564332235,3638142.992724031), (478059.8564332235, 3638142.992724031, 18.799636363983154)
(478059.8102609507,3638143.013866802), (478059.8564332235, 3638142.992724031, 18.81646203994751)
(478059.7598840813,3638143.042403705), (478059.8564332235, 3638142.992724031, 18.83803677558899)
(478059.71184775664,3638143.062921385), (478059.8564332235, 3638142.992724031, 18.856602907180786)
(478059.6612047388,3638143.0847590426), (478059.8564332235, 3638142.992724031, 18.87725019454956)
(478059.6385442603,3638143.16134431), (478059.6385442603, 3638143.16134431, 18.898685216903687)
(478059.5921239513,3638143.1924458696), (478059.6385442603, 3638143.16134431, 18.91848611831665)
(478059.5460141152,3638143.222491768), (478059.6385442603, 3638143.16134431, 18.938263654708862)
(478059.4992433515,3638143.2509031487), (478059.6385442603, 3638143.16134431, 18.957976579666138)
(478059.4483455414,3638143.27982303), (478059.6385442603, 3638143.16134431, 18.978986263275146)
(478059.4503382577,3638143.357613352), (478059.4503382577, 3638143.357613352, 19.003085374832153)
(478059.4198149577,3638143.3914522673), (478059.4503382577, 3638143.357613352, 19.021015644073486)
(478059.3839052569,3638143.426968337), (478059.4503382577, 3638143.357613352, 19.04099154472351)
(478059.35165543645,3638143.4563084617), (478059.4503382577, 3638143.357613352, 19.058631420135498)
(478059.31485787744,3638143.4888347983), (478059.4503382577, 3638143.357613352, 19.07803750038147)
(478059.2963814004,3638143.5316344956), (478059.2963814004, 3638143.5316344956, 19.101853609085083)
(478059.263251618,3638143.5686447467), (478059.2963814004, 3638143.5316344956, 19.12184715270996)
(478059.2398816985,3638143.604222789), (478059.2963814004, 3638143.5316344956, 19.138692378997803)
(478059.2119883489,3638143.641275068), (478059.2963814004, 3638143.5316344956, 19.158339738845825)
(478059.1815823255,3638143.6821978665), (478059.2963814004, 3638143.5316344956, 19.178722143173218)
(478059.1410626402,3638143.7943457994), (478059.1410626402, 3638143.7943457994, 19.202722311019897)
(478059.11649975716,3638143.8420158764), (478059.1410626402, 3638143.7943457994, 19.219995737075806)
(478059.0858102613,3638143.897672365), (478059.1410626402, 3638143.7943457994, 19.241247415542603)
(478059.0579248758,3638143.9585841163), (478059.1410626402, 3638143.7943457994, 19.262835264205933)
(478059.0307487606,3638144.0086880433), (478059.1410626402, 3638143.7943457994, 19.281862497329712)
(478059.0137980115,3638144.0532994596), (478059.0137980115, 3638144.0532994596, 19.305208683013916)
(478058.99373198627,3638144.1028157743), (478059.0137980115, 3638144.0532994596, 19.323703289031982)
(478058.9677346538,3638144.1509975637), (478059.0137980115, 3638144.0532994596, 19.34349274635315)
(478058.9462717255,3638144.201982785), (478059.0137980115, 3638144.0532994596, 19.362224340438843)
(478058.9156034583,3638144.249709015), (478059.0137980115, 3638144.0532994596, 19.382547616958618)
(478058.8241767482,3638144.314239361), (478058.8241767482, 3638144.314239361, 19.404170513153076)
(478058.7824048598,3638144.372955545), (478058.8241767482, 3638144.314239361, 19.426530361175537)
(478058.7445638752,3638144.417424282), (478058.8241767482, 3638144.314239361, 19.444897413253784)
(478058.7068693706,3638144.4660641467), (478058.8241767482, 3638144.314239361, 19.464086532592773)
(478058.668758489,3638144.511534131), (478058.8241767482, 3638144.314239361, 19.483232259750366)
(478058.6204216635,3638144.5290194657), (478058.6204216635, 3638144.5290194657, 19.506454706192017)
(478058.5871948164,3638144.5659108628), (478058.6204216635, 3638144.5290194657, 19.52330470085144)
(478058.54784191016,3638144.6101300125), (478058.6204216635, 3638144.5290194657, 19.544716119766235)
(478058.51162583835,3638144.650133629), (478058.6204216635, 3638144.5290194657, 19.564350128173828)
(478058.47681593127,3638144.6896372116), (478058.6204216635, 3638144.5290194657, 19.58352565765381)
(478058.372915509,3638144.6995532485), (478058.372915509, 3638144.6995532485, 19.607079029083252)
(478058.33034676756,3638144.7307848376), (478058.372915509, 3638144.6995532485, 19.624594688415527)
(478058.2844674801,3638144.7672836594), (478058.372915509, 3638144.6995532485, 19.643903493881226)
(478058.2319006638,3638144.8068267605), (478058.372915509, 3638144.6995532485, 19.666141271591187)
(478058.0692066661,3638144.835106633), (478058.0692066661, 3638144.835106633, 19.688227653503418)
(478058.0007763288,3638144.8657128266), (478058.0692066661, 3638144.835106633, 19.706035375595093)
(478057.9210466829,3638144.897083787), (478058.0692066661, 3638144.835106633, 19.72638964653015)
(478057.85186155816,3638144.9262617826), (478058.0692066661, 3638144.835106633, 19.744905710220337)
(478057.7742867016,3638144.9600470937), (478058.0692066661, 3638144.835106633, 19.76513981819153)
(478057.6994410825,3638144.989663447), (478058.0692066661, 3638144.835106633, 19.78600287437439)
(478057.74515666935,3638144.937447565), (478057.74515666935, 3638144.937447565, 19.807356119155884)
(478057.6929873081,3638144.950935627), (478057.74515666935, 3638144.937447565, 19.826197624206543)
(478057.6378933533,3638144.968646084), (478057.74515666935, 3638144.937447565, 19.846561670303345)
(478057.5832508531,3638144.9854891854), (478057.74515666935, 3638144.937447565, 19.866612434387207)
(478057.5315620026,3638145.0027652155), (478057.74515666935, 3638144.937447565, 19.88628101348877)
(478057.4272647244,3638145.0046694954), (478057.4272647244, 3638145.0046694954, 19.91142225265503)
(478057.3739763895,3638145.0123410355), (478057.4272647244, 3638145.0046694954, 19.928133487701416)
(478057.31544773345,3638145.024054234), (478057.4272647244, 3638145.0046694954, 19.94713854789734)
(478057.253220151,3638145.03453287), (478057.4272647244, 3638145.0046694954, 19.967873096466064)
