(478062.97598359705,3638119.812582945), (478062.97598359705, 3638119.812582945), 0.11376762390136719
(478062.9759877028,3638119.8144305847), (478062.9759877028, 3638119.8144305847), 0.16288375854492188
(478062.9759836245,3638119.812595304), (478062.9759877028, 3638119.8144305847), 0.2116713523864746
(478062.97599180846,3638119.8162782243), (478062.97599180846, 3638119.8162782243), 0.2662520408630371
(478062.9759899739,3638119.815452634), (478062.97599180846, 3638119.8162782243), 0.3124406337738037
(478062.9759879412,3638119.8145378786), (478062.97599180846, 3638119.8162782243), 0.3636176586151123
(478062.9759859899,3638119.813659743), (478062.97599180846, 3638119.8162782243), 0.41274595260620117
(478062.9759839698,3638119.812750655), (478062.97599180846, 3638119.8162782243), 0.4636058807373047
(478062.9759819898,3638119.811859624), (478062.97599180846, 3638119.8162782243), 0.5134556293487549
(478062.9759799542,3638119.810943552), (478062.97599180846, 3638119.8162782243), 0.5647063255310059
(478062.9759779939,3638119.8100613975), (478062.97599180846, 3638119.8162782243), 0.6140594482421875
(478062.9759759056,3638119.8091216222), (478062.97599180846, 3638119.8162782243), 0.6666362285614014
(478062.9759740368,3638119.808280609), (478062.97599180846, 3638119.8162782243), 0.7136876583099365
(478062.9759719267,3638119.8073310237), (478062.97599180846, 3638119.8162782243), 0.7668132781982422
(478062.9759700652,3638119.806493326), (478062.97599180846, 3638119.8162782243), 0.8136792182922363
(478062.9759679929,3638119.805560732), (478062.97599180846, 3638119.8162782243), 0.8658542633056641
(478062.9759660658,3638119.80469348), (478062.97599180846, 3638119.8162782243), 0.9143736362457275
(478062.9759640081,3638119.803767474), (478062.97599180846, 3638119.8162782243), 0.9661800861358643
(478062.97596208897,3638119.802903823), (478062.97599180846, 3638119.8162782243), 1.014497995376587
(478062.9775549367,3638119.818122399), (478062.9775549367, 3638119.818122399), 1.0669474601745605
(478062.9774603022,3638119.8180107493), (478062.9775549367, 3638119.818122399), 1.1154229640960693
(478062.9775590424,3638119.8199700383), (478062.9775590424, 3638119.8199700383), 1.1670799255371094
(478062.9775569221,3638119.819015859), (478062.9775590424, 3638119.8199700383), 1.2187914848327637
(478062.97912217065,3638119.821814214), (478062.97912217065, 3638119.821814214), 1.2665293216705322
(478062.9783474549,3638119.820900206), (478062.97912217065, 3638119.821814214), 1.3158183097839355
(478062.97912627633,3638119.8236618526), (478062.97912627633, 3638119.8236618526), 1.3688602447509766
(478062.9791244109,3638119.8228223575), (478062.97912627633, 3638119.8236618526), 1.4153554439544678
(478062.97913038207,3638119.825509493), (478062.97913038207, 3638119.825509493), 1.466841220855713
(478062.9791283226,3638119.82458271), (478062.97913038207, 3638119.825509493), 1.515988826751709
(478062.9806894046,3638119.8255060283), (478062.9806894046, 3638119.8255060283), 1.5681977272033691
(478062.97995056683,3638119.82550767), (478062.9806894046, 3638119.8255060283), 1.6162316799163818
(478062.9791385935,3638119.8292047717), (478062.9791385935, 3638119.8292047717), 1.6671831607818604
(478062.9799136909,3638119.827356135), (478062.9791385935, 3638119.8292047717), 1.71665620803833
(478062.977579571,3638119.829208236), (478062.977579571, 3638119.829208236), 1.7678565979003906
(478062.97834970977,3638119.829206525), (478062.977579571, 3638119.829208236), 1.8175880908966064
(478062.9791426992,3638119.8310524104), (478062.9791426992, 3638119.8310524104), 1.869002103805542
(478062.9784100461,3638119.8301880285), (478062.9791426992, 3638119.8310524104), 1.916409969329834
(478062.9775837272,3638119.82921314), (478062.9791426992, 3638119.8310524104), 1.9698786735534668
(478062.9768391139,3638119.828334647), (478062.9791426992, 3638119.8310524104), 2.0180604457855225
(478062.9822607442,3638119.831045482), (478062.9822607442, 3638119.831045482), 2.0690758228302
(478062.98147337255,3638119.8310472313), (478062.9822607442, 3638119.831045482), 2.119598627090454
(478062.9853787892,3638119.831038553), (478062.9853787892, 3638119.831038553), 2.1697793006896973
(478062.9838662479,3638119.831041914), (478062.9853787892, 3638119.831038553), 2.218629837036133
(478062.9884927285,3638119.829183986), (478062.9884927285, 3638119.829183986), 2.269087791442871
(478062.98691022117,3638119.830126479), (478062.9884927285, 3638119.829183986), 2.319556474685669
(478062.9916107735,3638119.829177057), (478062.9916107735, 3638119.829177057), 2.369753122329712
(478062.990089772,3638119.829180437), (478062.9916107735, 3638119.829177057), 2.418858289718628
(478062.9947247128,3638119.8273224887), (478062.9947247128, 3638119.8273224887), 2.4707860946655273
(478062.9932375557,3638119.8282081946), (478062.9947247128, 3638119.8273224887), 2.5190374851226807
(478062.99628373527,3638119.8273190246), (478062.99628373527, 3638119.8273190246), 2.571208953857422
(478062.9955283124,3638119.8273207033), (478062.99628373527, 3638119.8273190246), 2.619868755340576
(478062.9978386521,3638119.8254679204), (478062.9978386521, 3638119.8254679204), 2.6711041927337646
(478062.9970872623,3638119.826362438), (478062.9978386521, 3638119.8254679204), 2.719377040863037
(478062.99628601386,3638119.8273163117), (478062.9978386521, 3638119.8254679204), 2.770853042602539
(478062.9955281816,3638119.828218499), (478062.9978386521, 3638119.8254679204), 2.819539785385132
(478062.99628601386,3638119.8273163117), (478062.9978386521, 3638119.8254679204), 2.770853042602539
(478062.9955281816,3638119.828218499), (478062.9978386521, 3638119.8254679204), 2.819539785385132
(478063.00095259136,3638119.823613351), (478063.00095259136, 3638119.823613351), 2.871558427810669
(478063.0001824084,3638119.824072049), (478063.00095259136, 3638119.823613351), 2.921137571334839
(478063.0040665307,3638119.8217587844), (478063.0040665307, 3638119.8217587844), 2.9720022678375244
(478063.00253652484,3638119.822670009), (478063.0040665307, 3638119.8217587844), 3.0213544368743896
(478063.00718047,3638119.8199042156), (478063.00718047, 3638119.8199042156), 3.0726375579833984
(478063.005648196,3638119.820816792), (478063.00718047, 3638119.8199042156), 3.122157096862793
(478063.01029440924,3638119.818049647), (478063.01029440924, 3638119.818049647), 3.1742944717407227
(478063.0088467174,3638119.8189118486), (478063.01029440924, 3638119.818049647), 3.221555471420288
(478063.0072507487,3638119.8198623597), (478063.01029440924, 3638119.818049647), 3.2736570835113525
(478063.00576560607,3638119.820746866), (478063.01029440924, 3638119.818049647), 3.322140693664551
(478063.0087353868,3638119.8180531114), (478063.0087353868, 3638119.8180531114), 3.3727259635925293
(478063.0091464977,3638119.818052198), (478063.0087353868, 3638119.8180531114), 3.4250519275665283
(478063.0095217876,3638119.818051364), (478063.0087353868, 3638119.8180531114), 3.472818613052368
(478063.00991104776,3638119.8180504986), (478063.0087353868, 3638119.8180531114), 3.5223634243011475
(478063.0103129051,3638119.8180496055), (478063.0087353868, 3638119.8180531114), 3.5735116004943848
(478063.0107204926,3638119.8180486998), (478063.0087353868, 3638119.8180531114), 3.6253890991210938
(478063.0111126112,3638119.8180478285), (478063.0087353868, 3638119.8180531114), 3.675297737121582
(478063.0114941988,3638119.8180469805), (478063.0087353868, 3638119.8180531114), 3.7238659858703613
(478063.0118937297,3638119.8180460925), (478063.0087353868, 3638119.8180531114), 3.7747180461883545
(478063.0122866594,3638119.8180452194), (478063.0087353868, 3638119.8180531114), 3.8247299194335938
(478063.0126828054,3638119.8180443393), (478063.0087353868, 3638119.8180531114), 3.8751511573791504
(478063.01306696865,3638119.8180434857), (478063.0087353868, 3638119.8180531114), 3.9240472316741943
(478063.01346365974,3638119.8180426043), (478063.0087353868, 3638119.8180531114), 3.9745378494262695
(478063.01388053823,3638119.818041678), (478063.0087353868, 3638119.8180531114), 4.027597904205322
(478063.01424591895,3638119.818040866), (478063.0087353868, 3638119.8180531114), 4.074103355407715
(478063.01464224106,3638119.8180399854), (478063.0087353868, 3638119.8180531114), 4.124547004699707
(478063.015052481,3638119.8180390736), (478063.0087353868, 3638119.8180531114), 4.176762104034424
(478063.00873128104,3638119.8162054727), (478063.00873128104, 3638119.8162054727), 4.227728605270386
(478063.0087315044,3638119.8163059885), (478063.00873128104, 3638119.8162054727), 4.274242639541626
(478063.0087317434,3638119.81641355), (478063.00873128104, 3638119.8162054727), 4.324017286300659
(478063.0087319903,3638119.816524654), (478063.00873128104, 3638119.8162054727), 4.375431060791016
(478063.0087322264,3638119.816630895), (478063.00873128104, 3638119.8162054727), 4.424594402313232
(478063.00717225857,3638119.816208937), (478063.00717225857, 3638119.816208937), 4.475539207458496
(478063.0074837772,3638119.8162082448), (478063.00717225857, 3638119.816208937), 4.525055885314941
(478063.00872717536,3638119.814357833), (478063.00872717536, 3638119.814357833), 4.575642824172974
(478063.00796313613,3638119.8152674097), (478063.00872717536, 3638119.814357833), 4.624830722808838
(478063.0102861978,3638119.8143543685), (478063.0102861978, 3638119.8143543685), 4.676019191741943
(478063.01340424287,3638119.81434744), (478063.01340424287, 3638119.81434744), 4.730760335922241
(478063.01083447435,3638119.8143531503), (478063.01340424287, 3638119.81434744), 4.775875806808472
(478063.0078306666,3638119.814359825), (478063.01340424287, 3638119.81434744), 4.828611373901367
(478063.0051524324,3638119.8143657763), (478063.01340424287, 3638119.81434744), 4.875631093978882
(478063.0021762741,3638119.8143723896), (478063.01340424287, 3638119.81434744), 4.927881240844727
(478062.9994067261,3638119.8143785438), (478063.01340424287, 3638119.81434744), 4.97650408744812
(478063.0118616432,3638119.8217414627), (478063.0118616432, 3638119.8217414627), 5.030127048492432
(478063.0121049042,3638119.8205754585), (478063.0118616432, 3638119.8217414627), 5.077335834503174
(478063.01235781057,3638119.8193632225), (478063.0118616432, 3638119.8217414627), 5.126416444778442
(478063.01262166566,3638119.8180985064), (478063.0118616432, 3638119.8217414627), 5.177621841430664
(478063.0128737255,3638119.8168903277), (478063.0118616432, 3638119.8217414627), 5.226538181304932
(478063.01314529334,3638119.815588643), (478063.0118616432, 3638119.8217414627), 5.279240369796753
(478063.0134213466,3638119.8142654584), (478063.0118616432, 3638119.8217414627), 5.332813024520874
(478063.0136546786,3638119.8131470466), (478063.0118616432, 3638119.8217414627), 5.378094911575317
(478063.0149837939,3638119.823582172), (478063.0149837939, 3638119.823582172), 5.432657957077026
(478063.0146298038,3638119.823373472), (478063.0149837939, 3638119.823582172), 5.478296995162964
(478063.0149837939,3638119.823582172), (478063.0149837939, 3638119.823582172), 5.432657957077026
(478063.0146298038,3638119.823373472), (478063.0149837939, 3638119.823582172), 5.478296995162964
(478063.0142317498,3638119.8231387935), (478063.0149837939, 3638119.823582172), 5.529617071151733
(478063.0181059446,3638119.8254228835), (478063.0181059446, 3638119.8254228835), 5.583342790603638
(478063.0227871178,3638119.82726013), (478063.0227871178, 3638119.82726013), 5.632464647293091
(478063.0184096283,3638119.825542072), (478063.0227871178, 3638119.82726013), 5.6783998012542725
(478063.02590926853,3638119.829100841), (478063.02590926853, 3638119.829100841), 5.729771375656128
(478063.0243189097,3638119.828163221), (478063.02590926853, 3638119.829100841), 5.779337406158447
(478063.0274641853,3638119.827249737), (478063.0274641853, 3638119.827249737), 5.8338117599487305
(478063.0267551216,3638119.8280938664), (478063.0274641853, 3638119.827249737), 5.881255626678467
(478063.0260415646,3638119.8289433448), (478063.0274641853, 3638119.827249737), 5.92900013923645
(478063.0305781246,3638119.8253951687), (478063.0305781246, 3638119.8253951687), 5.981692552566528
(478063.0321330438,3638119.823544064), (478063.0321330438, 3638119.823544064), 6.033857345581055
(478063.03075380326,3638119.8251860263), (478063.0321330438, 3638119.823544064), 6.08012843132019
(478063.0292504648,3638119.826975725), (478063.0321330438, 3638119.823544064), 6.130562782287598
(478063.03369206394,3638119.8235406), (478063.03369206394, 3638119.8235406), 6.18087100982666
(478063.0352469807,3638119.8216894967), (478063.0352469807, 3638119.8216894967), 6.2348737716674805
(478063.03060021263,3638119.8260491546), (478063.0352469807, 3638119.8216894967), 6.2800986766815186
(478063.03836092004,3638119.819834928), (478063.03836092004, 3638119.819834928), 6.339823007583618
(478063.037148809,3638119.820556825), (478063.03836092004, 3638119.819834928), 6.380674839019775
(478063.0368018999,3638119.8198383925), (478063.0368018999, 3638119.8198383925), 6.434103965759277
(478063.0423702341,3638119.81998999), (478063.0368018999, 3638119.8198383925), 6.481354713439941
(478063.0487754417,3638119.825811791), (478063.0368018999, 3638119.8198383925), 6.532429933547974
(478063.05489525915,3638119.8313741954), (478063.0368018999, 3638119.8198383925), 6.5812294483184814
(478063.0399240506,3638119.8216791037), (478063.0399240506, 3638119.8216791037), 6.633870363235474
(478063.0440555166,3638119.8288874906), (478063.0399240506, 3638119.8216791037), 6.6809985637664795
(478063.0430461989,3638119.823519814), (478063.0430461989, 3638119.823519814), 6.732840538024902
(478063.0368903219,3638119.815397073), (478063.0430461989, 3638119.823519814), 6.782281875610352
(478063.07265941746,3638119.819758713), (478063.07265941746, 3638119.819758713), 6.835735321044922
(478063.05465637584,3638119.817032169), (478063.07265941746, 3638119.819758713), 6.882199048995972
(478063.1007136111,3638119.816001076), (478063.1007136111, 3638119.816001076), 6.934632062911987
(478063.0908831995,3638119.810784756), (478063.1007136111, 3638119.816001076), 6.983546495437622
(478063.15059822553,3638119.814042577), (478063.15059822553, 3638119.814042577), 7.032928705215454
(478063.1301951977,3638119.8150234176), (478063.15059822553, 3638119.814042577), 7.081989765167236
(478063.1942426467,3638119.8102502967), (478063.1942426467, 3638119.8102502967), 7.134150505065918
(478063.17281671043,3638119.815466185), (478063.1942426467, 3638119.8102502967), 7.183440446853638
(478063.2378829598,3638119.8046103776), (478063.2378829598, 3638119.8046103776), 7.234145164489746
(478063.2199385082,3638119.802702372), (478063.2378829598, 3638119.8046103776), 7.28261923789978
(478063.2939954554,3638119.7989427447), (478063.2939954554, 3638119.7989427447), 7.334727764129639
(478063.2702571615,3638119.801422732), (478063.2939954554, 3638119.7989427447), 7.383402347564697
(478063.3579153781,3638119.798800708), (478063.3579153781, 3638119.798800708), 7.436777114868164
(478063.3284279819,3638119.798866232), (478063.3579153781, 3638119.798800708), 7.483854293823242
(478063.42495745386,3638119.8004993806), (478063.42495745386, 3638119.8004993806), 7.534265518188477
(478063.39098301437,3638119.8036387023), (478063.42495745386, 3638119.8004993806), 7.583691120147705
(478063.49043640145,3638119.8003538805), (478063.49043640145, 3638119.8003538805), 7.635651350021362
(478063.4550255705,3638119.789724608), (478063.49043640145, 3638119.8003538805), 7.686219692230225
(478063.55436042976,3638119.802059484), (478063.55436042976, 3638119.802059484), 7.736937999725342
(478063.5242184549,3638119.791588868), (478063.55436042976, 3638119.802059484), 7.784935712814331
(478063.62296152796,3638119.803754697), (478063.62296152796, 3638119.803754697), 7.836820363998413
(478063.58948251035,3638119.8114975304), (478063.62296152796, 3638119.803754697), 7.885213851928711
(478063.7071569544,3638119.8072629054), (478063.7071569544, 3638119.8072629054), 7.938143491744995
(478063.65737545217,3638119.818905407), (478063.7071569544, 3638119.8072629054), 7.986541986465454
(478063.8038245631,3638119.8107434004), (478063.8038245631, 3638119.8107434004), 8.043840885162354
(478063.76013335603,3638119.8095596875), (478063.8038245631, 3638119.8107434004), 8.085721492767334
(478063.9192004442,3638119.814182327), (478063.9192004442, 3638119.814182327), 8.140625476837158
(478063.76013335603,3638119.8095596875), (478063.8038245631, 3638119.8107434004), 8.085721492767334
(478063.9192004442,3638119.814182327), (478063.9192004442, 3638119.814182327), 8.140625476837158
(478063.8560547211,3638119.8099566447), (478063.9192004442, 3638119.814182327), 8.187108278274536
(478064.03614355397,3638119.8213130683), (478064.03614355397, 3638119.8213130683), 8.239664077758789
(478063.979948938,3638119.8178865365), (478064.03614355397, 3638119.8213130683), 8.287255048751831
(478064.16867278545,3638119.8265615315), (478064.16867278545, 3638119.8265615315), 8.339560508728027
(478064.1173208677,3638119.8241991955), (478064.16867278545, 3638119.8265615315), 8.387869834899902
(478064.3136783046,3638119.833629922), (478064.3136783046, 3638119.833629922), 8.439873218536377
(478064.2509211303,3638119.830804551), (478064.3136783046, 3638119.833629922), 8.487475156784058
(478064.4524436258,3638119.8388645295), (478064.4524436258, 3638119.8388645295), 8.5472412109375
(478064.41332123976,3638119.8348948606), (478064.4524436258, 3638119.8388645295), 8.587926864624023
(478064.59433109715,3638119.8459398528), (478064.59433109715, 3638119.8459398528), 8.640952348709106
(478064.52810618497,3638119.8482461097), (478064.59433109715, 3638119.8459398528), 8.689354181289673
(478064.7346554428,3638119.851171002), (478064.7346554428, 3638119.851171002), 8.740211009979248
(478064.6843793546,3638119.851804228), (478064.7346554428, 3638119.851171002), 8.790534019470215
(478064.8921331387,3638119.8582116878), (478064.8921331387, 3638119.8582116878), 8.84303617477417
(478064.83801898226,3638119.867246791), (478064.8921331387, 3638119.8582116878), 8.89452862739563
(478065.0542920096,3638119.8670896236), (478065.0542920096, 3638119.8670896236), 8.943129301071167
(478064.98203805275,3638119.860580122), (478065.0542920096, 3638119.8670896236), 8.989666938781738
(478065.1930450139,3638119.866781325), (478065.1930450139, 3638119.866781325), 9.044830083847046
(478065.12925120577,3638119.872214476), (478065.1930450139, 3638119.866781325), 9.089800834655762
(478065.32870049955,3638119.875718153), (478065.32870049955, 3638119.875718153), 9.145582437515259
(478065.2592225177,3638119.864238278), (478065.32870049955, 3638119.875718153), 9.190804481506348
(478065.13889896416,3638120.7574682324), (478065.13889896416, 3638120.7574682324), 9.242099046707153
(478065.22314206173,3638120.2912572254), (478065.13889896416, 3638120.7574682324), 9.291139841079712
(478065.1638556377,3638120.7629557247), (478065.1638556377, 3638120.7629557247), 9.34249997138977
(478065.13129296823,3638120.758280486), (478065.1638556377, 3638120.7629557247), 9.391684532165527
(478065.1981623401,3638120.766574796), (478065.1981623401, 3638120.766574796), 9.446498155593872
(478065.18319293414,3638120.7620910117), (478065.1981623401, 3638120.766574796), 9.491911888122559
(478065.2059369253,3638120.7573192795), (478065.2059369253, 3638120.7573192795), 9.54608702659607
(478065.19305135554,3638120.775633324), (478065.2059369253, 3638120.7573192795), 9.5921311378479
(478065.2277468171,3638120.749880224), (478065.2277468171, 3638120.749880224), 9.644673347473145
(478065.2125664052,3638120.7515241504), (478065.2277468171, 3638120.749880224), 9.691849946975708
(478065.2729584677,3638120.749779768), (478065.2729584677, 3638120.749779768), 9.74647068977356
(478065.25784610416,3638120.758917988), (478065.2729584677, 3638120.749779768), 9.79274582862854
(478065.32129226596,3638120.7515200237), (478065.32129226596, 3638120.7515200237), 9.846875667572021
(478065.3025773905,3638120.768777081), (478065.32129226596, 3638120.7515200237), 9.893311500549316
(478065.375862156,3638120.753246424), (478065.375862156, 3638120.753246424), 9.94443392753601
(478065.35476201604,3638120.7527593803), (478065.375862156, 3638120.753246424), 9.993219137191772
(478065.44760181574,3638120.7641729163), (478065.44760181574, 3638120.7641729163), 10.047403812408447
(478065.4255184374,3638120.7660141517), (478065.44760181574, 3638120.7641729163), 10.093258142471313
(478065.52713248425,3638120.773234451), (478065.52713248425, 3638120.773234451), 10.146734476089478
(478065.50169403234,3638120.757952763), (478065.52713248425, 3638120.773234451), 10.193662166595459
(478065.6019942936,3638120.786001656), (478065.6019942936, 3638120.786001656), 10.244967937469482
(478065.5746417263,3638120.7778763315), (478065.6019942936, 3638120.786001656), 10.294898748397827
(478065.67997825507,3638120.8006095756), (478065.67997825507, 3638120.8006095756), 10.34908938407898
(478065.6547073774,3638120.7970371787), (478065.67997825507, 3638120.8006095756), 10.394977331161499
(478065.7782541379,3638120.826258299), (478065.7782541379, 3638120.826258299), 10.446877002716064
(478065.7269677134,3638120.806989402), (478065.7782541379, 3638120.826258299), 10.49527359008789
(478065.8874472818,3638120.8537304164), (478065.8874472818, 3638120.8537304164), 10.547572612762451
(478065.8395618136,3638120.8420751397), (478065.8874472818, 3638120.8537304164), 10.596414804458618
(478065.9935346958,3638120.886752381), (478065.9935346958, 3638120.886752381), 10.651889562606812
(478065.93975057313,3638120.8663961445), (478065.9935346958, 3638120.886752381), 10.69621729850769
(478066.1199058199,3638120.927119873), (478066.1199058199, 3638120.927119873), 10.749711275100708
(478066.0439132121,3638120.900889906), (478066.1199058199, 3638120.927119873), 10.796962261199951
(478066.1199058199,3638120.927119873), (478066.1199058199, 3638120.927119873), 10.749711275100708
(478066.0439132121,3638120.900889906), (478066.1199058199, 3638120.927119873), 10.796962261199951
(478066.2618179072,3638120.9452810567), (478066.2618179072, 3638120.9452810567), 10.849088191986084
(478066.1790646369,3638120.92734565), (478066.2618179072, 3638120.9452810567), 10.898696899414062
(478066.39592666994,3638120.9597642818), (478066.39592666994, 3638120.9597642818), 10.951288938522339
(478066.32368070725,3638120.9488253836), (478066.39592666994, 3638120.9597642818), 10.997067213058472
(478066.5300066968,3638120.9613140323), (478066.5300066968, 3638120.9613140323), 11.04949164390564
(478066.4650952736,3638120.9605637603), (478066.5300066968, 3638120.9613140323), 11.097033977508545
(478066.66411956394,3638120.9776449013), (478066.66411956394, 3638120.9776449013), 11.148579359054565
(478066.6045382872,3638120.957709268), (478066.66411956394, 3638120.9776449013), 11.198421955108643
(478066.79041679396,3638120.984754893), (478066.79041679396, 3638120.984754893), 11.253095388412476
(478066.7366569495,3638120.981728445), (478066.79041679396, 3638120.984754893), 11.297583818435669
(478066.9385403386,3638120.991816394), (478066.9385403386, 3638120.991816394), 11.350515127182007
(478066.86143327254,3638120.9824378467), (478066.9385403386, 3638120.991816394), 11.397998809814453
(478067.12721077556,3638121.004330759), (478067.12721077556, 3638121.004330759), 11.452804565429688
(478067.03553783626,3638120.998807315), (478067.12721077556, 3638121.004330759), 11.49851393699646
(478067.37046751974,3638121.025962095), (478067.37046751974, 3638121.025962095), 11.550212621688843
(478067.23043172923,3638121.023966153), (478067.37046751974, 3638121.025962095), 11.599529266357422
(478067.6308242524,3638121.0253836648), (478067.6308242524, 3638121.0253836648), 11.655066967010498
(478067.5176158928,3638121.0215973966), (478067.6308242524, 3638121.0253836648), 11.698931455612183
(478067.87243577174,3638121.0082180505), (478067.87243577174, 3638121.0082180505), 11.754730939865112
(478067.7647153929,3638121.015871189), (478067.87243577174, 3638121.0082180505), 11.79916524887085
(478068.12650305376,3638120.983634175), (478068.12650305376, 3638120.983634175), 11.854083061218262
(478068.02421800385,3638120.9940553517), (478068.12650305376, 3638120.983634175), 11.899957180023193
(478068.36651450547,3638120.9479956417), (478068.36651450547, 3638120.9479956417), 11.959233045578003
(478068.26498895563,3638120.9302010266), (478068.36651450547, 3638120.9479956417), 12.00050663948059
(478068.5832062987,3638120.9419712964), (478068.5832062987, 3638120.9419712964), 12.052685499191284
(478068.5099979805,3638120.9460687465), (478068.5832062987, 3638120.9419712964), 12.101333856582642
(478068.8092645376,3638120.9414690933), (478068.8092645376, 3638120.9414690933), 12.153012990951538
(478068.72071791673,3638120.9282926894), (478068.8092645376, 3638120.9414690933), 12.201499700546265
(478069.04002037103,3638120.9501947034), (478069.04002037103, 3638120.9501947034), 12.25167989730835
(478068.9510535448,3638120.961549865), (478069.04002037103, 3638120.9501947034), 12.300358772277832
(478069.2676663662,3638120.9626225233), (478069.2676663662, 3638120.9626225233), 12.353476524353027
(478069.1688675027,3638120.963228295), (478069.2676663662, 3638120.9626225233), 12.40185284614563
(478069.48438278644,3638120.9676840357), (478069.48438278644, 3638120.9676840357), 12.455018997192383
(478069.3815459865,3638120.965244719), (478069.48438278644, 3638120.9676840357), 12.501408100128174
(478069.70113204216,3638120.9875266664), (478069.70113204216, 3638120.9875266664), 12.552479267120361
(478069.5761360866,3638120.957216535), (478069.70113204216, 3638120.9875266664), 12.601989507675171
(478069.9209336685,3638120.9778001467), (478069.9209336685, 3638120.9778001467), 12.656002759933472
(478069.80526108504,3638120.9896405893), (478069.9209336685, 3638120.9778001467), 12.70182180404663
(478070.1469672849,3638120.966212138), (478070.1469672849, 3638120.966212138), 12.75655484199524
(478070.0288830171,3638120.974112164), (478070.1469672849, 3638120.966212138), 12.8026442527771
(478070.3667566015,3638120.9509427086), (478070.3667566015, 3638120.9509427086), 12.855611085891724
(478070.2522957746,3638120.9468365586), (478070.3667566015, 3638120.9509427086), 12.902003288269043
(478070.60213203763,3638120.933791014), (478070.60213203763, 3638120.933791014), 12.954014301300049
(478070.45829056326,3638120.928113944), (478070.60213203763, 3638120.933791014), 13.002991437911987
(478070.85937482945,3638120.9350672346), (478070.85937482945, 3638120.9350672346), 13.056038618087769
(478070.74026400497,3638120.917395472), (478070.85937482945, 3638120.9350672346), 13.102540493011475
(478071.12911442725,3638120.947401593), (478071.12911442725, 3638120.947401593), 13.15558934211731
(478070.9994412909,3638120.9271613215), (478071.12911442725, 3638120.947401593), 13.203371286392212
(478071.42381479556,3638120.967071109), (478071.42381479556, 3638120.967071109), 13.258938789367676
(478071.2968964605,3638120.958600057), (478071.42381479556, 3638120.967071109), 13.30344820022583
(478071.7232127523,3638120.9959684424), (478071.7232127523, 3638120.9959684424), 13.361104965209961
(478071.61556133436,3638120.997749942), (478071.7232127523, 3638120.9959684424), 13.404211282730103
(478071.904186568,3638121.0528435577), (478071.904186568, 3638121.0528435577), 13.461439609527588
(478071.61556133436,3638120.997749942), (478071.7232127523, 3638120.9959684424), 13.404211282730103
(478071.904186568,3638121.0528435577), (478071.904186568, 3638121.0528435577), 13.461439609527588
(478071.84589647513,3638121.029578551), (478071.904186568, 3638121.0528435577), 13.50325608253479
(478072.096069436,3638121.1078467993), (478072.096069436, 3638121.1078467993), 13.556269884109497
(478072.0134304368,3638121.0900570797), (478072.096069436, 3638121.1078467993), 13.60404634475708
(478072.3189275491,3638121.070398815), (478072.3189275491, 3638121.070398815), 13.659217119216919
(478072.23032240843,3638121.0862160213), (478072.3189275491, 3638121.070398815), 13.703717708587646
(478072.5152945965,3638121.0385526214), (478072.5152945965, 3638121.0385526214), 13.755175590515137
(478072.4261556479,3638121.046044029), (478072.5152945965, 3638121.0385526214), 13.804678201675415
(478072.6913943551,3638121.0067514502), (478072.6913943551, 3638121.0067514502), 13.85983681678772
(478072.6146853498,3638121.0206040316), (478072.6913943551, 3638121.0067514502), 13.90542721748352
(478072.8627842146,3638120.960179554), (478072.8627842146, 3638120.960179554), 13.957957983016968
(478072.7690286699,3638120.99322842), (478072.8627842146, 3638120.960179554), 14.005884408950806
(478073.04356514645,3638120.9302156395), (478073.04356514645, 3638120.9302156395), 14.05937933921814
(478072.94062638987,3638120.949096822), (478073.04356514645, 3638120.9302156395), 14.107544660568237
(478073.2336837982,3638120.892840393), (478073.2336837982, 3638120.892840393), 14.163107872009277
(478073.1395018852,3638120.902961048), (478073.2336837982, 3638120.892840393), 14.20819354057312
(478073.4487550137,3638120.8591050277), (478073.4487550137, 3638120.8591050277), 14.258336782455444
(478073.33597733855,3638120.8610382737), (478073.4487550137, 3638120.8591050277), 14.30637812614441
(478073.70281820867,3638120.832673656), (478073.70281820867, 3638120.832673656), 14.3626070022583
(478073.6081050364,3638120.83506221), (478073.70281820867, 3638120.832673656), 14.40674901008606
(478074.00980198535,3638120.767324133), (478074.00980198535, 3638120.767324133), 14.46252703666687
(478073.8769045831,3638120.7799843173), (478074.00980198535, 3638120.767324133), 14.50691819190979
(478074.2762881196,3638120.718693403), (478074.2762881196, 3638120.718693403), 14.559627532958984
(478074.1537940116,3638120.731592153), (478074.2762881196, 3638120.718693403), 14.607394456863403
(478074.5987185055,3638120.588641895), (478074.5987185055, 3638120.588641895), 14.660328388214111
(478074.4507140494,3638120.6438742075), (478074.5987185055, 3638120.588641895), 14.707224607467651
(478074.8619717025,3638120.4882842028), (478074.8619717025, 3638120.4882842028), 14.759664058685303
(478074.73476989387,3638120.536776225), (478074.8619717025, 3638120.4882842028), 14.80766224861145
(478075.0629583881,3638120.430560721), (478075.0629583881, 3638120.430560721), 14.860167264938354
(478074.96720744064,3638120.4580604434), (478075.0629583881, 3638120.430560721), 14.908047437667847
(478075.2001154305,3638120.41362727), (478075.2001154305, 3638120.41362727), 14.962310075759888
(478075.13541947404,3638120.415890418), (478075.2001154305, 3638120.41362727), 15.009045600891113
(478075.3170010811,3638120.3948911936), (478075.3170010811, 3638120.3948911936), 15.063816785812378
(478075.26531167945,3638120.403176698), (478075.3170010811, 3638120.3948911936), 15.108705282211304
(478075.42141865386,3638120.3780304575), (478075.42141865386, 3638120.3780304575), 15.161431074142456
(478075.3669322634,3638120.390053296), (478075.42141865386, 3638120.3780304575), 15.20881199836731
(478075.491673143,3638120.4222179963), (478075.491673143, 3638120.4222179963), 15.262988090515137
(478075.45624489535,3638120.3966596713), (478075.491673143, 3638120.4222179963), 15.309479475021362
(478075.58980128256,3638120.381351799), (478075.58980128256, 3638120.381351799), 15.363687992095947
(478075.54634960426,3638120.397069592), (478075.58980128256, 3638120.381351799), 15.409507989883423
(478075.68008096516,3638120.3164836015), (478075.68008096516, 3638120.3164836015), 15.46704649925232
(478075.6444711634,3638120.3403968546), (478075.68008096516, 3638120.3164836015), 15.510466814041138
(478075.76732056955,3638120.286727478), (478075.76732056955, 3638120.286727478), 15.562053442001343
(478075.7197281518,3638120.302910742), (478075.76732056955, 3638120.286727478), 15.610385179519653
(478075.8670610769,3638120.269877135), (478075.8670610769, 3638120.269877135), 15.66560435295105
(478075.8233685141,3638120.277258636), (478075.8670610769, 3638120.269877135), 15.710966110229492
(478075.97142530925,3638120.228997091), (478075.97142530925, 3638120.228997091), 15.762512922286987
(478075.91328790394,3638120.2519379267), (478075.97142530925, 3638120.228997091), 15.8109872341156
(478076.0492943676,3638120.191871188), (478076.0492943676, 3638120.191871188), 15.861975193023682
(478076.0275821596,3638120.198245641), (478076.0492943676, 3638120.191871188), 15.91161584854126
(478076.122465843,3638120.1455174736), (478076.122465843, 3638120.1455174736), 15.96379566192627
(478076.0890439317,3638120.1617048373), (478076.122465843, 3638120.1455174736), 16.011889219284058
(478076.19407829415,3638120.099167224), (478076.19407829415, 3638120.099167224), 16.063506364822388
(478076.16880819463,3638120.1091595185), (478076.19407829415, 3638120.099167224), 16.11310911178589
(478076.19407829415,3638120.099167224), (478076.19407829415, 3638120.099167224), 16.063506364822388
(478076.16880819463,3638120.1091595185), (478076.19407829415, 3638120.099167224), 16.11310911178589
(478076.2315358676,3638120.1175605236), (478076.2315358676, 3638120.1175605236), 16.164409637451172
(478076.2078791327,3638120.103693647), (478076.2315358676, 3638120.1175605236), 16.212526082992554
(478076.24248595384,3638120.1341650425), (478076.24248595384, 3638120.1341650425), 16.265373706817627
(478076.24429741775,3638120.1377890953), (478076.24248595384, 3638120.1341650425), 16.313029766082764
(478076.2222596945,3638120.152686445), (478076.2222596945, 3638120.152686445), 16.36342978477478
(478076.2215253423,3638120.1317304387), (478076.2222596945, 3638120.152686445), 16.41326069831848
(478076.1771177965,3638120.1841967218), (478076.1771177965, 3638120.1841967218), 16.46585965156555
(478076.1764067817,3638120.1488552615), (478076.1771177965, 3638120.1841967218), 16.513331413269043
(478076.09301264794,3638120.2213364732), (478076.09301264794, 3638120.2213364732), 16.565069675445557
(478076.1191676314,3638120.192609673), (478076.09301264794, 3638120.2213364732), 16.61325478553772
(478075.97151147824,3638120.2677975185), (478075.97151147824, 3638120.2677975185), 16.66440510749817
(478076.01548686216,3638120.237536189), (478075.97151147824, 3638120.2677975185), 16.714731454849243
(478075.8157282298,3638120.321725296), (478075.8157282298, 3638120.321725296), 16.768884897232056
(478075.90246961266,3638120.3082511155), (478075.8157282298, 3638120.321725296), 16.814589977264404
(478075.65519815666,3638120.3442535903), (478075.65519815666, 3638120.3442535903), 16.868602991104126
(478075.72249630233,3638120.3328966806), (478075.65519815666, 3638120.3442535903), 16.914639949798584
(478075.4619245127,3638120.365006959), (478075.4619245127, 3638120.365006959), 16.966153860092163
(478075.5513682696,3638120.3542416627), (478075.4619245127, 3638120.365006959), 17.014537572860718
(478075.2390417494,3638120.3913690364), (478075.2390417494, 3638120.3913690364), 17.066384077072144
(478075.340926307,3638120.3784652986), (478075.2390417494, 3638120.3913690364), 17.11554217338562
(478074.988071968,3638120.4067076063), (478074.988071968, 3638120.4067076063), 17.16651749610901
(478075.1479944574,3638120.412526457), (478074.988071968, 3638120.4067076063), 17.21581196784973
(478074.7184103279,3638120.42947829), (478074.7184103279, 3638120.42947829), 17.266356945037842
(478074.8406945084,3638120.417384926), (478074.7184103279, 3638120.42947829), 17.31550621986389
(478074.47679878375,3638120.446643738), (478074.47679878375, 3638120.446643738), 17.3710720539093
(478074.58368150756,3638120.442572816), (478074.47679878375, 3638120.446643738), 17.41572642326355
(478074.277260327,3638120.4544775044), (478074.277260327, 3638120.4544775044), 17.46876835823059
(478074.3779346831,3638120.4609734765), (478074.277260327, 3638120.4544775044), 17.516376972198486
(478074.0917284502,3638120.451194276), (478074.0917284502, 3638120.451194276), 17.567915439605713
(478074.18634780194,3638120.4527264847), (478074.0917284502, 3638120.451194276), 17.616332292556763
(478073.89840146364,3638120.4479283616), (478073.89840146364, 3638120.4479283616), 17.668688774108887
(478073.9910804745,3638120.4443845106), (478073.89840146364, 3638120.4479283616), 17.71695351600647
(478073.70041792595,3638120.453911037), (478073.70041792595, 3638120.453911037), 17.76785135269165
(478073.81688472733,3638120.4512529112), (478073.70041792595, 3638120.453911037), 17.819047451019287
(478073.5102295004,3638120.459876404), (478073.5102295004, 3638120.459876404), 17.8690128326416
(478073.5829428833,3638120.4469475234), (478073.5102295004, 3638120.459876404), 17.918511390686035
(478073.3262115042,3638120.4362656916), (478073.3262115042, 3638120.4362656916), 17.96916437149048
(478073.4274076378,3638120.4520458314), (478073.3262115042, 3638120.4362656916), 18.0174458026886
(478073.14375663566,3638120.4144991613), (478073.14375663566, 3638120.4144991613), 18.068833827972412
(478073.2302303599,3638120.4195296755), (478073.14375663566, 3638120.4144991613), 18.118192195892334
(478072.94259349507,3638120.3927741866), (478072.94259349507, 3638120.3927741866), 18.17021346092224
(478073.0394223306,3638120.4032313908), (478072.94259349507, 3638120.3927741866), 18.219012022018433
(478072.7630966158,3638120.2989427997), (478072.7630966158, 3638120.2989427997), 18.26943063735962
(478072.8484047465,3638120.3543824046), (478072.7630966158, 3638120.2989427997), 18.31876826286316
(478072.5759236369,3638120.2587102717), (478072.5759236369, 3638120.2587102717), 18.371171712875366
(478072.6664220329,3638120.278162755), (478072.5759236369, 3638120.2587102717), 18.420363664627075
(478072.37003007304,3638120.2129763863), (478072.37003007304, 3638120.2129763863), 18.470726490020752
(478072.4711413504,3638120.2354356195), (478072.37003007304, 3638120.2129763863), 18.51961636543274
(478072.1796610678,3638120.1376456437), (478072.1796610678, 3638120.1376456437), 18.57150435447693
(478072.25935213605,3638120.179300776), (478072.1796610678, 3638120.1376456437), 18.619765281677246
(478071.9815544037,3638120.0881991712), (478071.9815544037, 3638120.0881991712), 18.670530080795288
(478072.1131100393,3638120.0795491585), (478071.9815544037, 3638120.0881991712), 18.71966314315796
(478071.77565262537,3638120.0387700177), (478071.77565262537, 3638120.0387700177), 18.77073621749878
(478072.1131100393,3638120.0795491585), (478071.9815544037, 3638120.0881991712), 18.71966314315796
(478071.77565262537,3638120.0387700177), (478071.77565262537, 3638120.0387700177), 18.77073621749878
(478071.87470401183,3638120.0737891765), (478071.77565262537, 3638120.0387700177), 18.82178258895874
(478071.6147819185,3638119.9079443063), (478071.6147819185, 3638119.9079443063), 18.870872259140015
(478071.6926996805,3638119.977178683), (478071.6147819185, 3638119.9079443063), 18.92116141319275
(478071.42289081623,3638119.8492457964), (478071.42289081623, 3638119.8492457964), 18.971473932266235
(478071.514319423,3638119.887677613), (478071.42289081623, 3638119.8492457964), 19.020941257476807
(478071.2575277215,3638119.8015742544), (478071.2575277215, 3638119.8015742544), 19.07241439819336
(478071.33193080866,3638119.832214188), (478071.2575277215, 3638119.8015742544), 19.121615171432495
(478071.10308188456,3638119.755726112), (478071.10308188456, 3638119.755726112), 19.172119617462158
(478071.1781567066,3638119.781230878), (478071.10308188456, 3638119.755726112), 19.221152305603027
(478070.95644347375,3638119.7154035782), (478070.95644347375, 3638119.7154035782), 19.27261185646057
(478070.81916740537,3638119.6787555437), (478070.81916740537, 3638119.6787555437), 19.326956033706665
(478070.9311987672,3638119.717228523), (478070.81916740537, 3638119.6787555437), 19.372151374816895
(478071.0490205042,3638119.768255467), (478070.81916740537, 3638119.6787555437), 19.421995162963867
(478070.7006078147,3638119.645761232), (478070.7006078147, 3638119.645761232), 19.473968505859375
(478070.7389038298,3638119.6605500807), (478070.7006078147, 3638119.645761232), 19.52284288406372
(478070.6038827473,3638119.616413717), (478070.6038827473, 3638119.616413717), 19.574102878570557
(478070.6496852774,3638119.6338896304), (478070.6038827473, 3638119.616413717), 19.62261128425598
(478070.51183474687,3638119.587055813), (478070.51183474687, 3638119.587055813), 19.675535440444946
(478070.5516115904,3638119.6021437855), (478070.51183474687, 3638119.587055813), 19.723326921463013
(478070.43692778517,3638119.553964537), (478070.43692778517, 3638119.553964537), 19.774574518203735
(478070.4626395947,3638119.5845430633), (478070.43692778517, 3638119.553964537), 19.823636770248413
(478070.3589233019,3638119.530118385), (478070.3589233019, 3638119.530118385), 19.874009132385254
(478070.39466967207,3638119.543275905), (478070.3589233019, 3638119.530118385), 19.9237220287323
(478070.30119842204,3638119.5117701283), (478070.30119842204, 3638119.5117701283), 19.974141359329224
(478070.2388252048,3638119.506365739), (478070.2388252048, 3638119.506365739), 20.027458906173706
(478070.28455998236,3638119.512452001), (478070.2388252048, 3638119.506365739), 20.073728322982788
(478070.3238316963,3638119.515600618), (478070.2388252048, 3638119.506365739), 20.123972177505493
(478070.18110032694,3638119.4880174845), (478070.18110032694, 3638119.4880174845), 20.176863431930542
(478070.1202574037,3638119.4696761565), (478070.1202574037, 3638119.4696761565), 20.230045080184937
(478070.1624048745,3638119.495187866), (478070.1202574037, 3638119.4696761565), 20.276731729507446
(478070.19406053727,3638119.5289911437), (478070.1202574037, 3638119.4696761565), 20.325995683670044
(478070.0393359868,3638119.536371264), (478070.0393359868, 3638119.536371264), 20.377946376800537
(478070.04939291533,3638119.499397278), (478070.0393359868, 3638119.536371264), 20.42558526992798
(478069.99877677194,3638119.5253754733), (478069.99877677194, 3638119.5253754733), 20.477529287338257
(478069.9628987314,3638119.51621693), (478069.9628987314, 3638119.51621693), 20.529847383499146
(478069.98772182857,3638119.5324913915), (478069.9628987314, 3638119.51621693), 20.577666521072388
(478069.9363501996,3638119.495951772), (478069.9363501996, 3638119.495951772), 20.629146575927734
(478069.9478446542,3638119.506317946), (478069.9363501996, 3638119.495951772), 20.67754626274109
(478069.91604596673,3638119.4793680403), (478069.91604596673, 3638119.4793680403), 20.73005723953247
(478069.91724399844,3638119.4957540357), (478069.91604596673, 3638119.4793680403), 20.77840781211853
(478069.89420733537,3638119.473873607), (478069.89420733537, 3638119.473873607), 20.831260442733765
(478069.90166872647,3638119.4715422406), (478069.89420733537, 3638119.473873607), 20.877500295639038
(478069.90056306956,3638119.4609418055), (478069.89420733537, 3638119.473873607), 20.928428173065186
(478069.8676875343,3638119.4665419254), (478069.8676875343, 3638119.4665419254), 20.978912830352783
(478069.78680716583,3638119.551713429), (478069.78680716583, 3638119.551713429), 21.033767223358154
(478069.8465504424,3638119.479958668), (478069.78680716583, 3638119.551713429), 21.07723116874695
(478069.7446971371,3638119.54441638), (478069.7446971371, 3638119.54441638), 21.132749319076538
(478069.761850613,3638119.548484697), (478069.7446971371, 3638119.54441638), 21.180110216140747
(478069.6776304342,3638119.531631828), (478069.6776304342, 3638119.531631828), 21.22938895225525
(478069.71117784973,3638119.538026785), (478069.6776304342, 3638119.531631828), 21.277729034423828
(478069.74663930107,3638119.544786604), (478069.6776304342, 3638119.531631828), 21.328827142715454
(478069.5669521472,3638119.5374206407), (478069.5669521472, 3638119.5374206407), 21.379619359970093
(478069.4608934601,3638119.517332114), (478069.4608934601, 3638119.517332114), 21.433201551437378
(478069.5669521472,3638119.5374206407), (478069.5669521472, 3638119.5374206407), 21.379619359970093
(478069.4608934601,3638119.517332114), (478069.4608934601, 3638119.517332114), 21.433201551437378
(478069.53539685585,3638119.54039023), (478069.4608934601, 3638119.517332114), 21.47874402999878
(478069.3454765375,3638119.4954167292), (478069.3454765375, 3638119.4954167292), 21.533603191375732
(478069.38946433505,3638119.502165422), (478069.3454765375, 3638119.4954167292), 21.57894492149353
(478069.1569948821,3638119.567893735), (478069.1569948821, 3638119.567893735), 21.632441520690918
(478069.2388196726,3638119.5318421726), (478069.1569948821, 3638119.567893735), 21.67894220352173
(478068.9995253919,3638119.5645482605), (478068.9995253919, 3638119.5645482605), 21.731966257095337
(478069.0797527502,3638119.565787093), (478068.9995253919, 3638119.5645482605), 21.779113292694092
(478068.789045033,3638119.559472906), (478068.789045033, 3638119.559472906), 21.830656051635742
(478068.8950710783,3638119.562029533), (478068.789045033, 3638119.559472906), 21.880369424819946
(478068.5691941152,3638119.5470277774), (478068.5691941152, 3638119.5470277774), 21.934571027755737
(478068.6652555959,3638119.5592024517), (478068.5691941152, 3638119.5470277774), 21.98015522956848
(478068.3353078916,3638119.5327661885), (478068.3353078916, 3638119.5327661885), 22.033341884613037
(478068.44840083056,3638119.547897689), (478068.3353078916, 3638119.5327661885), 22.081312656402588
(478068.5680670908,3638119.5631079962), (478068.3353078916, 3638119.5327661885), 22.130327939987183
(478068.093634764,3638119.522217202), (478068.093634764, 3638119.522217202), 22.18131160736084
(478067.83946072194,3638119.4987624516), (478067.83946072194, 3638119.4987624516), 22.23187565803528
(478068.09882076376,3638119.526070199), (478067.83946072194, 3638119.4987624516), 22.281222820281982
(478067.5727980763,3638119.4679448595), (478067.5727980763, 3638119.4679448595), 22.335009336471558
(478067.7020741921,3638119.487884534), (478067.5727980763, 3638119.4679448595), 22.382102727890015
(478067.28588045284,3638119.442715222), (478067.28588045284, 3638119.442715222), 22.43450427055359
(478067.4259896881,3638119.4664508067), (478067.28588045284, 3638119.442715222), 22.481561422348022
(478066.997387383,3638119.4100985), (478066.997387383, 3638119.4100985), 22.535534143447876
(478067.13389083714,3638119.4302006466), (478066.997387383, 3638119.4100985), 22.581256866455078
(478066.71513861394,3638119.381163208), (478066.71513861394, 3638119.381163208), 22.645540714263916
(478066.8229957145,3638119.3968405714), (478066.71513861394, 3638119.381163208), 22.68863868713379
(478066.44068495365,3638119.3522106055), (478066.44068495365, 3638119.3522106055), 22.744484901428223
(478066.5633815377,3638119.3734085765), (478066.44068495365, 3638119.3522106055), 22.789029121398926
(478066.1833928577,3638119.3287628274), (478066.1833928577, 3638119.3287628274), 22.834752321243286
(478066.3218755008,3638119.3322763774), (478066.1833928577, 3638119.3287628274), 22.88304829597473
(478065.95723605546,3638119.284921744), (478065.95723605546, 3638119.284921744), 22.93872046470642
(478066.0684613707,3638119.3018513937), (478065.95723605546, 3638119.284921744), 22.984360694885254
(478065.7622679134,3638119.2447066656), (478065.7622679134, 3638119.2447066656), 23.037131786346436
(478065.84985494136,3638119.26875571), (478065.7622679134, 3638119.2447066656), 23.084023475646973
(478065.57668674947,3638119.2192519223), (478065.57668674947, 3638119.2192519223), 23.13726258277893
(478065.664039389,3638119.2343115415), (478065.57668674947, 3638119.2192519223), 23.184617519378662
(478065.38181713084,3638119.2233801987), (478065.38181713084, 3638119.2233801987), 23.236433506011963
(478065.47555873584,3638119.2126835845), (478065.38181713084, 3638119.2233801987), 23.284233331680298
(478065.1823032869,3638119.242299985), (478065.1823032869, 3638119.242299985), 23.33854579925537
(478065.27816110954,3638119.242332238), (478065.1823032869, 3638119.242299985), 23.384958267211914
(478064.9812222105,3638119.25752796), (478064.9812222105, 3638119.25752796), 23.4368155002594
(478065.07577150903,3638119.249738342), (478064.9812222105, 3638119.25752796), 23.485053062438965
(478064.7567927443,3638119.289436657), (478064.7567927443, 3638119.289436657), 23.537698984146118
(478064.8723640159,3638119.2789474907), (478064.7567927443, 3638119.289436657), 23.585274934768677
(478064.51520582027,3638119.317688185), (478064.51520582027, 3638119.317688185), 23.639627695083618
(478064.62295517477,3638119.2988068336), (478064.51520582027, 3638119.317688185), 23.685394287109375
(478064.2486581121,3638119.3386045867), (478064.2486581121, 3638119.3386045867), 23.738702535629272
(478064.3804751811,3638119.3364940253), (478064.2486581121, 3638119.3386045867), 23.785781621932983
(478063.966516076,3638119.3577079982), (478063.966516076, 3638119.3577079982), 23.836787462234497
(478064.11124384817,3638119.347908699), (478063.966516076, 3638119.3577079982), 23.88710117340088
(478063.69523382414,3638119.3527678573), (478063.69523382414, 3638119.3527678573), 23.937151670455933
(478063.8239732197,3638119.3503707196), (478063.69523382414, 3638119.3527678573), 23.98712682723999
(478063.4021006244,3638119.3367903857), (478063.4021006244, 3638119.3367903857), 24.03827404975891
(478063.53961770114,3638119.3478151085), (478063.4021006244, 3638119.3367903857), 24.08689594268799
(478063.4021006244,3638119.3367903857), (478063.4021006244, 3638119.3367903857), 24.03827404975891
(478063.53961770114,3638119.3478151085), (478063.4021006244, 3638119.3367903857), 24.08689594268799
(478063.1212959029,3638119.256117829), (478063.1212959029, 3638119.256117829), 24.138943910598755
(478063.27274358564,3638119.2944429084), (478063.1212959029, 3638119.256117829), 24.190003871917725
(478062.87006744544,3638119.155055424), (478062.87006744544, 3638119.155055424), 24.241032600402832
(478062.9905169316,3638119.1990799145), (478062.87006744544, 3638119.155055424), 24.28774118423462
(478062.6001142859,3638119.046644042), (478062.6001142859, 3638119.046644042), 24.33983063697815
(478062.73103449197,3638119.092310114), (478062.6001142859, 3638119.046644042), 24.38766598701477
(478062.29472650366,3638119.1286192075), (478062.29472650366, 3638119.1286192075), 24.44246792793274
(478062.42705083755,3638119.0852002916), (478062.29472650366, 3638119.1286192075), 24.487605333328247
(478061.98166268214,3638119.2641932494), (478061.98166268214, 3638119.2641932494), 24.539199829101562
(478062.1401309723,3638119.1955676684), (478061.98166268214, 3638119.2641932494), 24.58816409111023
(478061.67342785734,3638119.4681195677), (478061.67342785734, 3638119.4681195677), 24.6421058177948
(478061.80974595406,3638119.3739298107), (478061.67342785734, 3638119.4681195677), 24.688626289367676
(478061.354612475,3638119.821728939), (478061.354612475, 3638119.821728939), 24.74077534675598
(478061.514031949,3638119.652794512), (478061.354612475, 3638119.821728939), 24.78890037536621
(478061.0713959518,3638120.058857352), (478061.0713959518, 3638120.058857352), 24.841050148010254
(478061.1894179401,3638119.9295356064), (478061.0713959518, 3638120.058857352), 24.889461517333984
(478060.8485748116,3638120.1129343454), (478060.8485748116, 3638120.1129343454), 24.940701961517334
(478060.94668546354,3638120.0845995583), (478060.8485748116, 3638120.1129343454), 24.98922324180603
(478060.6288840372,3638120.172547332), (478060.6288840372, 3638120.172547332), 25.040056467056274
(478060.7348925788,3638120.142395774), (478060.6288840372, 3638120.172547332), 25.089304447174072
(478060.4029571757,3638120.2321741837), (478060.4029571757, 3638120.2321741837), 25.142889738082886
(478060.50566387037,3638120.2050677263), (478060.4029571757, 3638120.2321741837), 25.189637899398804
(478060.1676926072,3638120.2992123864), (478060.1676926072, 3638120.2992123864), 25.241180181503296
(478060.28373204597,3638120.267907855), (478060.1676926072, 3638120.2992123864), 25.29130983352661
(478059.92775507853,3638120.368108629), (478059.92775507853, 3638120.368108629), 25.341866493225098
(478060.05194791243,3638120.3269754485), (478059.92775507853, 3638120.368108629), 25.391932249069214
(478059.69557981694,3638120.422206438), (478059.69557981694, 3638120.422206438), 25.443811178207397
(478059.8007741205,3638120.380560629), (478059.69557981694, 3638120.422206438), 25.491663217544556
(478059.4774316531,3638120.474425427), (478059.4774316531, 3638120.474425427), 25.5422580242157
(478059.57384443184,3638120.421887329), (478059.4774316531, 3638120.474425427), 25.590599060058594
(478059.28281666053,3638120.593107468), (478059.28281666053, 3638120.593107468), 25.643584966659546
(478059.3619595879,3638120.524180228), (478059.28281666053, 3638120.593107468), 25.69095540046692
(478059.1038001068,3638120.7154501416), (478059.1038001068, 3638120.7154501416), 25.743128776550293
(478059.18695727515,3638120.651396729), (478059.1038001068, 3638120.7154501416), 25.791239976882935
(478058.96204815677,3638120.7693469995), (478058.96204815677, 3638120.7693469995), 25.845305681228638
(478059.027038046,3638120.744636575), (478058.96204815677, 3638120.7693469995), 25.892151355743408
(478058.78657673096,3638121.0838372493), (478058.78657673096, 3638121.0838372493), 25.943527460098267
(478058.87328467367,3638120.928434155), (478058.78657673096, 3638121.0838372493), 25.99206304550171
(478058.64201883954,3638121.278161639), (478058.64201883954, 3638121.278161639), 26.04558515548706
(478058.7082780434,3638121.1890915837), (478058.64201883954, 3638121.278161639), 26.092364072799683
(478058.5561576287,3638121.2266183123), (478058.5561576287, 3638121.2266183123), 26.144937992095947
(478058.59824778675,3638121.2518854467), (478058.5561576287, 3638121.2266183123), 26.193641901016235
(478058.4860509022,3638121.2489459133), (478058.4860509022, 3638121.2489459133), 26.245285749435425
(478058.51927309786,3638121.2383653033), (478058.4860509022, 3638121.2489459133), 26.29283857345581
(478058.4081449605,3638121.269443202), (478058.4081449605, 3638121.269443202), 26.343865156173706
(478058.4474107067,3638121.2591122654), (478058.4081449605, 3638121.269443202), 26.393550634384155
(478058.3520653285,3638121.2898919787), (478058.3520653285, 3638121.2898919787), 26.44511866569519
(478058.37880208483,3638121.2801427357), (478058.3520653285, 3638121.2898919787), 26.49339270591736
(478058.31000868644,3638121.306614291), (478058.31000868644, 3638121.306614291), 26.544820308685303
(478058.33076752775,3638121.298360284), (478058.31000868644, 3638121.306614291), 26.594032287597656
(478058.2681820116,3638121.426804413), (478058.2681820116, 3638121.426804413), 26.644649028778076
(478058.2887223461,3638121.3677811865), (478058.2681820116, 3638121.426804413), 26.693673133850098
(478058.22477989155,3638121.539607441), (478058.22477989155, 3638121.539607441), 26.746826171875
(478058.2887223461,3638121.3677811865), (478058.2681820116, 3638121.426804413), 26.693673133850098
(478058.22477989155,3638121.539607441), (478058.22477989155, 3638121.539607441), 26.746826171875
(478058.24515142856,3638121.4866613853), (478058.22477989155, 3638121.539607441), 26.794784784317017
(478058.1550797234,3638121.744851348), (478058.1550797234, 3638121.744851348), 26.84705376625061
(478058.1881047552,3638121.647603569), (478058.1550797234, 3638121.744851348), 26.894543170928955
(478058.1056181024,3638121.937116733), (478058.1056181024, 3638121.937116733), 26.945854663848877
(478058.1405618746,3638121.8446598393), (478058.1056181024, 3638121.937116733), 26.994749784469604
(478058.0701712561,3638122.1219603745), (478058.0701712561, 3638122.1219603745), 27.04781174659729
(478058.0866653843,3638122.0359489224), (478058.0701712561, 3638122.1219603745), 27.09525442123413
(478058.0269169783,3638122.301278423), (478058.0269169783, 3638122.301278423), 27.148549556732178
(478058.0470710507,3638122.2177262492), (478058.0269169783, 3638122.301278423), 27.19548773765564
(478058.01757927216,3638122.308689772), (478058.01757927216, 3638122.308689772), 27.24792766571045
(478058.02412347746,3638122.3075780687), (478058.01757927216, 3638122.308689772), 27.2964186668396
(478058.03159815125,3638122.303115669), (478058.03159815125, 3638122.303115669), 27.34833836555481
(478058.02487363096,3638122.305789433), (478058.03159815125, 3638122.303115669), 27.39650297164917
(478058.028607413,3638122.360399421), (478058.028607413, 3638122.360399421), 27.447150230407715
(478058.0363923909,3638122.332347794), (478058.028607413, 3638122.360399421), 27.496105670928955
(478058.01001002727,3638122.4103272674), (478058.01001002727, 3638122.4103272674), 27.54770517349243
(478058.0190696816,3638122.386005084), (478058.01001002727, 3638122.4103272674), 27.59669017791748
(478057.9867396821,3638122.462113149), (478057.9867396821, 3638122.462113149), 27.649924993515015
(478057.99372729316,3638122.436695226), (478057.9867396821, 3638122.462113149), 27.69682502746582
(478057.949438136,3638122.513930217), (478057.949438136, 3638122.513930217), 27.749419927597046
(478057.95880144654,3638122.4817579477), (478057.949438136, 3638122.513930217), 27.79686403274536
(478057.9027044336,3638122.530662927), (478057.9027044336, 3638122.530662927), 27.848637342453003
(478057.92239675723,3638122.513913129), (478057.9027044336, 3638122.530662927), 27.896979808807373
(478057.8590846688,3638122.5455410667), (478057.8590846688, 3638122.5455410667), 27.949236631393433
(478057.877610769,3638122.530560832), (478057.8590846688, 3638122.5455410667), 27.998066186904907
(478057.8232805479,3638122.5696400795), (478057.8232805479, 3638122.5696400795), 28.04934597015381
(478057.83845262707,3638122.5545824952), (478057.8232805479, 3638122.5696400795), 28.09804344177246
(478057.7858927626,3638122.5826567197), (478057.7858927626, 3638122.5826567197), 28.14883804321289
(478057.80444321444,3638122.576198339), (478057.7858927626, 3638122.5826567197), 28.19820237159729
(478057.76719681785,3638122.58824122), (478057.76719681785, 3638122.58824122), 28.2506320476532
(478057.7760241168,3638122.585604496), (478057.76719681785, 3638122.58824122), 28.298694133758545
(478057.7625731387,3638122.612270927), (478057.7625731387, 3638122.612270927), 28.35095763206482
(478057.7720016084,3638122.6022234797), (478057.7625731387, 3638122.612270927), 28.398712635040283
(478057.7579001792,3638122.6141289626), (478057.7579001792, 3638122.6141289626), 28.45029616355896
(478057.76316212525,3638122.620613842), (478057.7579001792, 3638122.6141289626), 28.49955415725708
(478057.7423222786,3638122.6197065343), (478057.7423222786, 3638122.6197065343), 28.55113911628723
(478057.7497072022,3638122.6170624075), (478057.7423222786, 3638122.6197065343), 28.598945140838623
(478057.7205739947,3638122.654860195), (478057.7205739947, 3638122.654860195), 28.65202307701111
(478057.73958906136,3638122.643307219), (478057.7205739947, 3638122.654860195), 28.70041584968567
(478057.69876411266,3638122.662299265), (478057.69876411266, 3638122.662299265), 28.75112009048462
(478057.7094984389,3638122.6586379246), (478057.69876411266, 3638122.662299265), 28.799893379211426
(478057.6613763303,3638122.675315907), (478057.6613763303, 3638122.675315907), 28.85244846343994
(478057.6806859105,3638122.672316156), (478057.6613763303, 3638122.675315907), 28.901440143585205
(478057.6489616479,3638122.701210581), (478057.6489616479, 3638122.701210581), 28.953906774520874
(478057.65485871467,3638122.6889104177), (478057.6489616479, 3638122.701210581), 29.002100229263306
(478057.63337964076,3638122.704940512), (478057.63337964076, 3638122.704940512), 29.05319118499756
(478057.64340831974,3638122.7119476353), (478057.63337964076, 3638122.704940512), 29.102010011672974
(478057.61312877864,3638122.7123761172), (478057.61312877864, 3638122.7123761172), 29.153265476226807
(478057.6297090824,3638122.71676483), (478057.61312877864, 3638122.7123761172), 29.202006816864014
(478057.5695295487,3638122.7364924555), (478057.5695295487, 3638122.7364924555), 29.256511688232422
(478057.59021828073,3638122.7250881447), (478057.5695295487, 3638122.7364924555), 29.30185580253601
(478057.51967780385,3638122.753232099), (478057.51967780385, 3638122.753232099), 29.353855848312378
(478057.54177750525,3638122.743953185), (478057.51967780385, 3638122.753232099), 29.40217399597168
(478057.51967780385,3638122.753232099), (478057.51967780385, 3638122.753232099), 29.353855848312378
(478057.54177750525,3638122.743953185), (478057.51967780385, 3638122.753232099), 29.40217399597168
(478057.4729441009,3638122.76996481), (478057.4729441009, 3638122.76996481), 29.454577445983887
(478057.4964529137,3638122.7645549737), (478057.4729441009, 3638122.76996481), 29.503026485443115
(478057.427880305,3638122.8365803226), (478057.427880305, 3638122.8365803226), 29.558871507644653
(478057.44474848587,3638122.8065420296), (478057.427880305, 3638122.8365803226), 29.603493690490723
(478057.37959168735,3638122.8551641386), (478057.37959168735, 3638122.8551641386), 29.655382871627808
(478057.4024307081,3638122.8421943933), (478057.37959168735, 3638122.8551641386), 29.704061269760132
(478057.31728008756,3638122.8774744226), (478057.31728008756, 3638122.8774744226), 29.756144285202026
(478057.3442059342,3638122.858558996), (478057.31728008756, 3638122.8774744226), 29.804885864257812
(478057.2520968491,3638123.010650003), (478057.2520968491, 3638123.010650003), 29.855555772781372
(478057.28722540505,3638122.950061591), (478057.2520968491, 3638123.010650003), 29.905117750167847
(478057.1899577363,3638123.1105611436), (478057.1899577363, 3638123.1105611436), 29.956061840057373
(478057.2158776986,3638123.0596313383), (478057.1899577363, 3638123.1105611436), 30.00478744506836
(478057.1447255622,3638123.1014234396), (478057.1447255622, 3638123.1014234396), 30.055957078933716
(478057.1662195287,3638123.1088596107), (478057.1447255622, 3638123.1014234396), 30.104752779006958
(478057.04577109235,3638124.1732795583), (478057.04577109235, 3638124.1732795583), 30.15626049041748
(478057.0942146151,3638123.639329063), (478057.04577109235, 3638124.1732795583), 30.205795764923096
(478057.03879577527,3638123.840718321), (478057.03879577527, 3638123.840718321), 30.259572505950928
(478057.0500389137,3638123.992432986), (478057.03879577527, 3638123.840718321), 30.306756019592285
(478057.00289309694,3638123.820473988), (478057.00289309694, 3638123.820473988), 30.35939931869507
(478057.0134539319,3638123.8363136346), (478057.00289309694, 3638123.820473988), 30.406297206878662
(478056.9670027391,3638123.8057725746), (478056.9670027391, 3638123.8057725746), 30.45933198928833
(478056.98248345766,3638123.815981834), (478056.9670027391, 3638123.8057725746), 30.506362438201904
(478056.93111237866,3638123.7910711616), (478056.93111237866, 3638123.7910711616), 30.558844804763794
(478056.9461645475,3638123.802480754), (478056.93111237866, 3638123.7910711616), 30.60599446296692
(478056.89996890276,3638123.807769224), (478056.89996890276, 3638123.807769224), 30.6581289768219
(478056.9151096422,3638123.7996512796), (478056.89996890276, 3638123.807769224), 30.70639705657959
(478056.8672787257,3638123.830013669), (478056.8672787257, 3638123.830013669), 30.759098529815674
(478056.8790715131,3638123.816971361), (478056.8672787257, 3638123.830013669), 30.80733036994934
(478056.83306648635,3638123.8688903353), (478056.83306648635, 3638123.8688903353), 30.862003087997437
(478056.855797165,3638123.8588359035), (478056.83306648635, 3638123.8688903353), 30.907544374465942
(478056.79574441974,3638123.91146921), (478056.79574441974, 3638123.91146921), 30.96149230003357
(478056.8050772694,3638123.883963565), (478056.79574441974, 3638123.91146921), 31.00747537612915
(478056.7460323139,3638123.991028597), (478056.7460323139, 3638123.991028597), 31.061825275421143
(478056.77218362305,3638123.956854228), (478056.7460323139, 3638123.991028597), 31.107819318771362
(478056.6978586986,3638124.0613463214), (478056.6978586986, 3638124.0613463214), 31.159884214401245
(478056.7263307898,3638124.0307268654), (478056.6978586986, 3638124.0613463214), 31.207754373550415
(478056.62325153046,3638124.163132828), (478056.62325153046, 3638124.163132828), 31.2585928440094
(478056.658577328,3638124.10888144), (478056.62325153046, 3638124.163132828), 31.308401584625244
(478056.5268714463,3638124.288987163), (478056.5268714463, 3638124.288987163), 31.359698057174683
(478056.5680737517,3638124.218939875), (478056.5268714463, 3638124.288987163), 31.40977168083191
(478056.44292657624,3638124.398185022), (478056.44292657624, 3638124.398185022), 31.461042881011963
(478056.48338528536,3638124.348120602), (478056.44292657624, 3638124.398185022), 31.508918285369873
(478056.3605119812,3638124.4944459405), (478056.3605119812, 3638124.4944459405), 31.56350612640381
(478056.3997495154,3638124.453094798), (478056.3605119812, 3638124.4944459405), 31.609650373458862
(478056.26249895623,3638124.587046233), (478056.26249895623, 3638124.587046233), 31.660502433776855
(478056.3166591166,3638124.544567442), (478056.26249895623, 3638124.587046233), 31.70993971824646
(478056.1613719966,3638124.681501099), (478056.1613719966, 3638124.681501099), 31.7617826461792
(478056.2036519086,3638124.632400553), (478056.1613719966, 3638124.681501099), 31.8093740940094
(478056.0835359059,3638124.733408275), (478056.0835359059, 3638124.733408275), 31.86153507232666
(478056.1293763837,3638124.716780526), (478056.0835359059, 3638124.733408275), 31.910186529159546
(478055.98702440923,3638124.800138153), (478055.98702440923, 3638124.800138153), 31.96334433555603
(478056.0291059841,3638124.7659070333), (478055.98702440923, 3638124.800138153), 32.01165318489075
(478055.8858358487,3638124.8668784304), (478055.8858358487, 3638124.8668784304), 32.062451124191284
(478056.0291059841,3638124.7659070333), (478055.98702440923, 3638124.800138153), 32.01165318489075
(478055.8858358487,3638124.8668784304), (478055.8858358487, 3638124.8668784304), 32.062451124191284
(478055.9421126222,3638124.841557413), (478055.8858358487, 3638124.8668784304), 32.111281871795654
(478055.7924136485,3638124.920667904), (478055.7924136485, 3638124.920667904), 32.16285967826843
(478055.8381617864,3638124.89432761), (478055.7924136485, 3638124.920667904), 32.21202898025513
(478054.9165932028,3638123.677299644), (478054.9165932028, 3638123.677299644), 32.26266264915466
(478055.34669415915,3638124.2809331925), (478054.9165932028, 3638123.677299644), 32.31138873100281
(478054.92470046156,3638123.817702913), (478054.92470046156, 3638123.817702913), 32.36697006225586
(478054.91783639515,3638123.7578488523), (478054.92470046156, 3638123.817702913), 32.41135931015015
(478054.7592962788,3638123.751555253), (478054.7592962788, 3638123.751555253), 32.469093561172485
(478054.8324348413,3638123.774835141), (478054.7592962788, 3638123.751555253), 32.51168179512024
(478054.61729384906,3638123.692746168), (478054.61729384906, 3638123.692746168), 32.56739664077759
(478054.68148429383,3638123.7193300887), (478054.61729384906, 3638123.692746168), 32.611833333969116
(478054.4784628588,3638123.6579494667), (478054.4784628588, 3638123.6579494667), 32.66276812553406
(478054.55589777505,3638123.6812885804), (478054.4784628588, 3638123.6579494667), 32.71205973625183
(478054.34276223346,3638123.6286887527), (478054.34276223346, 3638123.6286887527), 32.764349699020386
(478054.4088346329,3638123.6518621766), (478054.34276223346, 3638123.6286887527), 32.81235599517822
(478054.197699261,3638123.5957535584), (478054.197699261, 3638123.5957535584), 32.86489415168762
(478054.2775016022,3638123.6272655856), (478054.197699261, 3638123.5957535584), 32.91371011734009
(478054.0401476803,3638123.555455533), (478054.0401476803, 3638123.555455533), 32.96414542198181
(478054.127853305,3638123.579267365), (478054.0401476803, 3638123.555455533), 33.01331663131714
(478053.8685484737,3638123.5077981446), (478053.8685484737, 3638123.5077981446), 33.06486487388611
(478053.96570547775,3638123.5432035853), (478053.8685484737, 3638123.5077981446), 33.11372756958008
(478053.682922173,3638123.4620195907), (478053.682922173, 3638123.4620195907), 33.16624474525452
(478053.76640974503,3638123.49183886), (478053.682922173, 3638123.4620195907), 33.21466684341431
(478053.4879745989,3638123.431042953), (478053.4879745989, 3638123.431042953), 33.265591621398926
(478053.5823746585,3638123.436682683), (478053.4879745989, 3638123.431042953), 33.31626605987549
(478053.3071116213,3638123.4240544373), (478053.3071116213, 3638123.4240544373), 33.3670768737793
(478053.3873618522,3638123.417391218), (478053.3071116213, 3638123.4240544373), 33.41500687599182
(478053.11843299353,3638123.4078450585), (478053.11843299353, 3638123.4078450585), 33.46834468841553
(478053.1797493588,3638123.4110034127), (478053.11843299353, 3638123.4078450585), 33.51567625999451
(478052.9313092794,3638123.389784578), (478052.9313092794, 3638123.389784578), 33.565505504608154
(478052.98955381644,3638123.4135068273), (478052.9313092794, 3638123.389784578), 33.615166664123535
(478052.75822908746,3638123.377235824), (478052.75822908746, 3638123.377235824), 33.6671929359436
(478052.8200770913,3638123.38305948), (478052.75822908746, 3638123.377235824), 33.71619486808777
(478052.5679585745,3638123.346248807), (478052.5679585745, 3638123.346248807), 33.76815152168274
(478052.6412377103,3638123.368320718), (478052.5679585745, 3638123.346248807), 33.81565189361572
(478052.3527683552,3638123.3264030837), (478052.3527683552, 3638123.3264030837), 33.86630582809448
(478052.43559765094,3638123.3419696926), (478052.3527683552, 3638123.3264030837), 33.915576457977295
(478052.1625224864,3638123.3065019106), (478052.1625224864, 3638123.3065019106), 33.96877908706665
(478052.22527064284,3638123.3210412427), (478052.1625224864, 3638123.3065019106), 34.01585602760315
(478051.91461745085,3638123.2978148228), (478051.91461745085, 3638123.2978148228), 34.06823468208313
(478052.0475729624,3638123.301987014), (478051.91461745085, 3638123.2978148228), 34.11878752708435
(478051.6401926077,3638123.281796108), (478051.6401926077, 3638123.281796108), 34.16808462142944
(478051.79311274295,3638123.27245654), (478051.6401926077, 3638123.281796108), 34.21690607070923
(478051.35325861914,3638123.2491763765), (478051.35325861914, 3638123.2491763765), 34.26963829994202
(478051.4923937879,3638123.2579711042), (478051.35325861914, 3638123.2491763765), 34.31695055961609
(478051.08026544924,3638123.175877388), (478051.08026544924, 3638123.175877388), 34.37088704109192
(478051.2249584697,3638123.2071756823), (478051.08026544924, 3638123.175877388), 34.418336153030396
(478050.8260051895,3638123.1136226486), (478050.8260051895, 3638123.1136226486), 34.469921588897705
(478050.9754287827,3638123.1430889904), (478050.8260051895, 3638123.1136226486), 34.52090930938721
(478050.56231274165,3638123.0162835643), (478050.56231274165, 3638123.0162835643), 34.56826400756836
(478050.7065543663,3638123.0683219605), (478050.56231274165, 3638123.0162835643), 34.61774826049805
(478050.3048235096,3638122.904149507), (478050.3048235096, 3638122.904149507), 34.66883087158203
(478050.4339413619,3638122.9546356923), (478050.3048235096, 3638122.904149507), 34.71849870681763
(478050.3048235096,3638122.904149507), (478050.3048235096, 3638122.904149507), 34.66883087158203
(478050.4339413619,3638122.9546356923), (478050.3048235096, 3638122.904149507), 34.71849870681763
(478050.06762620935,3638122.803056229), (478050.06762620935, 3638122.803056229), 34.769593477249146
(478050.1913004024,3638122.844944857), (478050.06762620935, 3638122.803056229), 34.81913685798645
(478049.8335592729,3638122.707498943), (478049.8335592729, 3638122.707498943), 34.86942458152771
(478049.95872672845,3638122.755411729), (478049.8335592729, 3638122.707498943), 34.91956329345703
(478049.63544432854,3638122.6543576396), (478049.63544432854, 3638122.6543576396), 34.970211029052734
(478049.72771347465,3638122.729551756), (478049.63544432854, 3638122.6543576396), 35.019752740859985
(478049.4295383799,3638122.603081313), (478049.4295383799, 3638122.603081313), 35.07090520858765
(478049.49973964744,3638122.636098202), (478049.4295383799, 3638122.603081313), 35.11963200569153
(478049.2205267122,3638122.557354841), (478049.2205267122, 3638122.557354841), 35.17220950126648
(478049.3049325441,3638122.5861496795), (478049.2205267122, 3638122.557354841), 35.222317934036255
(478048.98651317,3638122.4858168876), (478048.98651317, 3638122.4858168876), 35.2708101272583
(478049.09301355405,3638122.531389619), (478048.98651317, 3638122.4858168876), 35.320730686187744
(478048.7337667064,3638122.4032347016), (478048.7337667064, 3638122.4032347016), 35.37161564826965
(478048.8510178896,3638122.4445752697), (478048.7337667064, 3638122.4032347016), 35.42018795013428
(478048.4358620068,3638122.344772369), (478048.4358620068, 3638122.344772369), 35.47149729728699
(478048.5952339739,3638122.3506885977), (478048.4358620068, 3638122.344772369), 35.521217584609985
(478048.1254810204,3638122.2844901374), (478048.1254810204, 3638122.2844901374), 35.572426557540894
(478048.29879173567,3638122.3045628527), (478048.1254810204, 3638122.2844901374), 35.621209383010864
(478047.81037776737,3638122.203894285), (478047.81037776737, 3638122.203894285), 35.67218017578125
(478047.4937524644,3638122.1399306627), (478047.4937524644, 3638122.1399306627), 35.723344802856445
(478047.82218093006,3638122.2014725576), (478047.4937524644, 3638122.1399306627), 35.77354884147644
(478047.2067650154,3638122.0832917383), (478047.2067650154, 3638122.0832917383), 35.826730489730835
(478047.34921554325,3638122.1131888884), (478047.2067650154, 3638122.0832917383), 35.87205743789673
(478047.5152911862,3638122.1540923095), (478047.2067650154, 3638122.0832917383), 35.92202687263489
(478046.6276369366,3638123.1580634085), (478046.6276369366, 3638123.1580634085), 35.973578691482544
(478046.350126909,3638123.156832891), (478046.350126909, 3638123.156832891), 36.02598524093628
(478046.62646966084,3638123.150494435), (478046.350126909, 3638123.156832891), 36.07490611076355
(478046.896798042,3638123.1374122896), (478046.350126909, 3638123.156832891), 36.12309694290161
(478046.0632586379,3638123.153775542), (478046.0632586379, 3638123.153775542), 36.17357587814331
(478046.17265726393,3638123.164047609), (478046.0632586379, 3638123.153775542), 36.22298002243042
(478045.52824356704,3638124.435385822), (478045.52824356704, 3638124.435385822), 36.27425479888916
(478045.30072088883,3638124.478387732), (478045.30072088883, 3638124.478387732), 36.32605242729187
(478045.5435549221,3638124.469423569), (478045.30072088883, 3638124.478387732), 36.3736310005188
(478045.82316050027,3638124.463021437), (478045.30072088883, 3638124.478387732), 36.42390275001526
(478045.0639961177,3638124.5897731106), (478045.0639961177, 3638124.5897731106), 36.474581718444824
(478044.8412778928,3638124.6900414526), (478044.8412778928, 3638124.6900414526), 36.52654004096985
(478045.0804759093,3638124.6227266747), (478044.8412778928, 3638124.6900414526), 36.57460641860962
(478044.6621670828,3638124.7698886828), (478044.6621670828, 3638124.7698886828), 36.62886953353882
(478044.74582063087,3638124.7363360967), (478044.6621670828, 3638124.7698886828), 36.67457389831543
(478044.83994248515,3638124.701598059), (478044.6621670828, 3638124.7698886828), 36.724443197250366
(478044.52971186803,3638124.7978979927), (478044.52971186803, 3638124.7978979927), 36.776222944259644
(478044.46123818745,3638124.853479736), (478044.46123818745, 3638124.853479736), 36.828256130218506
(478044.5203978509,3638124.8023074446), (478044.46123818745, 3638124.853479736), 36.875285148620605
(478044.4192062365,3638124.8812879454), (478044.4192062365, 3638124.8812879454), 36.92677187919617
(478044.43133596715,3638124.862042648), (478044.4192062365, 3638124.8812879454), 36.97507691383362
(478044.40524489735,3638124.9127290226), (478044.40524489735, 3638124.9127290226), 37.02996635437012
(478044.4145759803,3638124.900197714), (478044.40524489735, 3638124.9127290226), 37.07568144798279
(478044.4256652922,3638124.900061086), (478044.40524489735, 3638124.9127290226), 37.12539505958557
(478044.41464011965,3638124.931184612), (478044.41464011965, 3638124.931184612), 37.17620635032654
(478044.45123041637,3638124.9482875983), (478044.41464011965, 3638124.931184612), 37.22647762298584
(478044.48887569126,3638125.3633692805), (478044.48887569126, 3638125.3633692805), 37.27645778656006
(478044.42113361135,3638125.1544836904), (478044.48887569126, 3638125.3633692805), 37.326351165771484
(478044.55239534576,3638125.884264914), (478044.55239534576, 3638125.884264914), 37.37691879272461
(478044.42113361135,3638125.1544836904), (478044.48887569126, 3638125.3633692805), 37.326351165771484
(478044.55239534576,3638125.884264914), (478044.55239534576, 3638125.884264914), 37.37691879272461
(478044.5185706051,3638125.638078313), (478044.55239534576, 3638125.884264914), 37.426385164260864
(478044.7211394993,3638126.050177998), (478044.7211394993, 3638126.050177998), 37.47727560997009
(478044.6414738896,3638125.971989558), (478044.7211394993, 3638126.050177998), 37.5271258354187
(478045.1181616139,3638125.1106895492), (478045.1181616139, 3638125.1106895492), 37.578070402145386
(478044.9378826081,3638125.5640691775), (478045.1181616139, 3638125.1106895492), 37.62678861618042
(478045.34550348215,3638124.9863915), (478045.34550348215, 3638124.9863915), 37.678218841552734
(478045.60721368407,3638124.893427049), (478045.60721368407, 3638124.893427049), 37.731995820999146
(478045.3541555569,3638124.990930009), (478045.60721368407, 3638124.893427049), 37.77793622016907
(478045.8626919129,3638124.802324112), (478045.8626919129, 3638124.802324112), 37.83233451843262
(478045.75351430394,3638124.835765496), (478045.8626919129, 3638124.802324112), 37.87739872932434
(478045.6419588831,3638124.8475810615), (478045.8626919129, 3638124.802324112), 37.9288694858551
(478046.1555496909,3638124.694509217), (478046.1555496909, 3638124.694509217), 37.97850751876831
(478046.06924425514,3638124.7219090173), (478046.1555496909, 3638124.694509217), 38.02819585800171
(478046.4640387809,3638124.605136058), (478046.4640387809, 3638124.605136058), 38.079428911209106
(478046.77248678653,3638124.4972865125), (478046.77248678653, 3638124.4972865125), 38.13361859321594
(478046.5144265589,3638124.5789446537), (478046.77248678653, 3638124.4972865125), 38.179555892944336
(478047.0887258015,3638124.387572003), (478047.0887258015, 3638124.387572003), 38.23031187057495
(478046.93482335785,3638124.455536072), (478047.0887258015, 3638124.387572003), 38.27874159812927
(478047.40497304074,3638124.281552784), (478047.40497304074, 3638124.281552784), 38.33225440979004
(478047.2549150694,3638124.3440487054), (478047.40497304074, 3638124.281552784), 38.37914156913757
(478047.7305826348,3638124.1792080514), (478047.7305826348, 3638124.1792080514), 38.42984414100647
(478047.56471004157,3638124.2313446794), (478047.7305826348, 3638124.1792080514), 38.47955846786499
(478048.0624077803,3638124.067611268), (478048.0624077803, 3638124.067611268), 38.53293061256409
(478047.91633047676,3638124.1220059185), (478048.0624077803, 3638124.067611268), 38.57986545562744
(478048.423792722,3638123.928234035), (478048.423792722, 3638123.928234035), 38.63077735900879
(478048.2525604865,3638123.9836641187), (478048.423792722, 3638123.928234035), 38.68024659156799
(478048.79763341777,3638123.781438526), (478048.79763341777, 3638123.781438526), 38.73410987854004
(478048.61584128364,3638123.8663229924), (478048.79763341777, 3638123.781438526), 38.780834674835205
(478049.1762128125,3638123.6623472217), (478049.1762128125, 3638123.6623472217), 38.83190560340881
(478048.988606808,3638123.721363228), (478049.1762128125, 3638123.6623472217), 38.88290333747864
(478049.5594939338,3638123.5543313706), (478049.5594939338, 3638123.5543313706), 38.93508815765381
(478049.38936925813,3638123.602275714), (478049.5594939338, 3638123.5543313706), 38.98088717460632
(478049.91556716437,3638123.830686934), (478049.91556716437, 3638123.830686934), 39.03539705276489
(478049.7540763096,3638123.705350648), (478049.91556716437, 3638123.830686934), 39.080890417099
(478050.2644922895,3638123.6968804193), (478050.2644922895, 3638123.6968804193), 39.138489723205566
(478050.1215081699,3638123.7444053665), (478050.2644922895, 3638123.6968804193), 39.18314051628113
(478050.6088389511,3638123.6074276627), (478050.6088389511, 3638123.6074276627), 39.23218512535095
(478050.42521469516,3638123.6667468795), (478050.6088389511, 3638123.6074276627), 39.28130650520325
(478050.9375995075,3638123.51985722), (478050.9375995075, 3638123.51985722), 39.33557081222534
(478050.79531981895,3638123.553725112), (478050.9375995075, 3638123.51985722), 39.383628368377686
(478051.2523042247,3638123.421232148), (478051.2523042247, 3638123.421232148), 39.435208797454834
(478051.1046784295,3638123.476057563), (478051.2523042247, 3638123.421232148), 39.48210120201111
(478051.5654006319,3638123.300438878), (478051.5654006319, 3638123.300438878), 39.53390574455261
(478051.4205091571,3638123.356338322), (478051.5654006319, 3638123.300438878), 39.58241653442383
(478051.8816561686,3638123.198115081), (478051.8816561686, 3638123.198115081), 39.63413953781128
(478051.72971378115,3638123.2508139675), (478051.8816561686, 3638123.198115081), 39.68322682380676
(478052.2072822747,3638123.103161055), (478052.2072822747, 3638123.103161055), 39.7355682849884
(478052.0558046686,3638123.1473326012), (478052.2072822747, 3638123.103161055), 39.78275179862976
(478052.5541924827,3638122.764270112), (478052.5541924827, 3638122.764270112), 39.837687492370605
(478052.3959592595,3638122.918845576), (478052.5541924827, 3638122.764270112), 39.88322901725769
(478052.23642704607,3638123.074628966), (478052.5541924827, 3638122.764270112), 39.93420219421387
(478052.8734223221,3638122.5972720333), (478052.8734223221, 3638122.5972720333), 39.98389530181885
(478053.16773246636,3638122.4414152578), (478053.16773246636, 3638122.4414152578), 40.0352509021759
(478052.8734223221,3638122.5972720333), (478052.8734223221, 3638122.5972720333), 39.98389530181885
(478053.16773246636,3638122.4414152578), (478053.16773246636, 3638122.4414152578), 40.0352509021759
(478052.8976468741,3638122.579029025), (478053.16773246636, 3638122.4414152578), 40.083943128585815
(478053.44647293614,3638122.294831347), (478053.44647293614, 3638122.294831347), 40.13637852668762
(478053.31823750923,3638122.3576409253), (478053.44647293614, 3638122.294831347), 40.184122800827026
(478053.69565771037,3638122.177875525), (478053.69565771037, 3638122.177875525), 40.23766326904297
(478053.5859761988,3638122.2211375446), (478053.69565771037, 3638122.177875525), 40.284255504608154
(478053.9511319754,3638122.0849251603), (478053.9511319754, 3638122.0849251603), 40.33746671676636
(478053.83142330707,3638122.125194573), (478053.9511319754, 3638122.0849251603), 40.384770154953
(478054.16610863514,3638122.008693666), (478054.16610863514, 3638122.008693666), 40.4360785484314
(478054.0526938403,3638122.048910959), (478054.16610863514, 3638122.008693666), 40.48530387878418
(478054.3639483762,3638121.938043218), (478054.3639483762, 3638121.938043218), 40.538578748703
(478054.27265129035,3638121.97575591), (478054.3639483762, 3638121.938043218), 40.58479595184326
(478054.5555273876,3638121.8563208003), (478054.5555273876, 3638121.8563208003), 40.637961626052856
(478054.46190051315,3638121.899725451), (478054.5555273876, 3638121.8563208003), 40.685593605041504
(478054.74861613486,3638121.7524232464), (478054.74861613486, 3638121.7524232464), 40.74653196334839
(478054.6769647256,3638121.792954103), (478054.74861613486, 3638121.7524232464), 40.78597855567932
(478054.90126066987,3638121.6892638723), (478054.90126066987, 3638121.6892638723), 40.83679747581482
(478054.8127952109,3638121.7258680193), (478054.90126066987, 3638121.6892638723), 40.889111042022705
(478055.07879206166,3638121.600182097), (478055.07879206166, 3638121.600182097), 40.93904232978821
(478054.99442365137,3638121.638270315), (478055.07879206166, 3638121.600182097), 40.986289978027344
(478055.27189314086,3638121.5018274733), (478055.27189314086, 3638121.5018274733), 41.03822326660156
(478055.1729944354,3638121.548003557), (478055.27189314086, 3638121.5018274733), 41.09050250053406
(478055.4541016061,3638121.412735308), (478055.4541016061, 3638121.412735308), 41.1404242515564
(478055.370594529,3638121.453566706), (478055.4541016061, 3638121.412735308), 41.18726348876953
(478055.62387075316,3638121.3384519857), (478055.62387075316, 3638121.3384519857), 41.23850393295288
(478055.53679399117,3638121.3765528495), (478055.62387075316, 3638121.3384519857), 41.28881025314331
(478055.7812128999,3638121.2845204263), (478055.7812128999, 3638121.2845204263), 41.34047746658325
(478055.7076016866,3638121.2946613943), (478055.7812128999, 3638121.2845204263), 41.387277603149414
(478055.9260541207,3638121.217683115), (478055.9260541207, 3638121.217683115), 41.43857216835022
(478055.85040617577,3638121.252783472), (478055.9260541207, 3638121.217683115), 41.48740005493164
(478056.07401338813,3638121.1508388757), (478056.07401338813, 3638121.1508388757), 41.54006505012512
(478056.01477691304,3638121.168458369), (478056.07401338813, 3638121.1508388757), 41.58810091018677
(478056.2252057,3638121.135721613), (478056.2252057, 3638121.135721613), 41.64081645011902
(478056.1584531518,3638121.1274258243), (478056.2252057, 3638121.135721613), 41.68856501579285
(478056.3560403669,3638121.0800013337), (478056.3560403669, 3638121.0800013337), 41.74068284034729
(478056.2931472422,3638121.1067864555), (478056.3560403669, 3638121.0800013337), 41.79144477844238
(478056.46039629757,3638121.035425805), (478056.46039629757, 3638121.035425805), 41.84115028381348
(478056.41088560695,3638121.056574246), (478056.46039629757, 3638121.035425805), 41.888816118240356
(478056.5476358389,3638121.005669511), (478056.5476358389, 3638121.005669511), 41.943623781204224