(478176.6982170389,3638129.028667641), (478176.702655872, 3638129.0260240734), 0.09555172920227051
(478176.6927240098,3638129.0317381388), (478176.702655872, 3638129.0260240734), 0.11922931671142578
(478176.7135690163,3638129.0259999484), (478176.7135690163, 3638129.0259999484), 0.14195656776428223
(478176.7111454338,3638129.026005306), (478176.7135690163, 3638129.0259999484), 0.15643692016601562
(478176.70807299996,3638129.0258306023), (478176.7135690163, 3638129.0259999484), 0.17412281036376953
(478176.7044459381,3638129.0253986204), (478176.7135690163, 3638129.0259999484), 0.194016695022583
(478176.72292722884,3638129.02782691), (478176.72292722884, 3638129.02782691), 0.2176072597503662
(478176.7207230932,3638129.0273966063), (478176.72292722884, 3638129.02782691), 0.2354264259338379
(478176.7181089791,3638129.0267680082), (478176.72292722884, 3638129.02782691), 0.255263090133667
(478176.7153011725,3638129.025953828), (478176.72292722884, 3638129.02782691), 0.2752566337585449
(478176.7122952468,3638129.0249473937), (478176.72292722884, 3638129.02782691), 0.2953073978424072
(478176.7276206294,3638129.0352071277), (478176.7276206294, 3638129.0352071277), 0.3211982250213623
(478176.7269574921,3638129.0341643663), (478176.7276206294, 3638129.0352071277), 0.3358337879180908
(478176.72579209885,3638129.0324774487), (478176.7276206294, 3638129.0352071277), 0.3567032814025879
(478176.7244351108,3638129.0306744874), (478176.7276206294, 3638129.0352071277), 0.3757174015045166
(478176.7226912173,3638129.02846421), (478176.7276206294, 3638129.0352071277), 0.39603590965270996
(478176.7307672624,3638129.048133712), (478176.7307672624, 3638129.048133712), 0.42053818702697754
(478176.7301507168,3638129.0456009004), (478176.7307672624, 3638129.048133712), 0.44000244140625
(478176.72954821185,3638129.0432999306), (478176.7307672624, 3638129.048133712), 0.456606388092041
(478176.7286875743,3638129.040376678), (478176.7307672624, 3638129.048133712), 0.4764983654022217
(478176.7275766983,3638129.037216835), (478176.7307672624, 3638129.048133712), 0.496722936630249
(478176.7230170865,3638129.0684749763), (478176.7230170865, 3638129.0684749763), 0.5231194496154785
(478176.7241222679,3638129.0655742954), (478176.7230170865, 3638129.0684749763), 0.5377480983734131
(478176.7254957318,3638129.0615230445), (478176.7230170865, 3638129.0684749763), 0.5575511455535889
(478176.72668863327,3638129.057299571), (478176.7230170865, 3638129.0684749763), 0.5772218704223633
(478176.72770824167,3638129.0528107276), (478176.7230170865, 3638129.0684749763), 0.5971879959106445
(478176.71682184713,3638129.0869651563), (478176.71682184713, 3638129.0869651563), 0.6211364269256592
(478176.7181465858,3638129.083011369), (478176.71682184713, 3638129.0869651563), 0.6420950889587402
(478176.71887544973,3638129.0798908193), (478176.71682184713, 3638129.0869651563), 0.6577658653259277
(478176.71954041667,3638129.075697942), (478176.71682184713, 3638129.0869651563), 0.6778123378753662
(478176.7198731727,3638129.0712358328), (478176.71682184713, 3638129.0869651563), 0.6978697776794434
(478176.71062252333,3638129.103607696), (478176.71062252333, 3638129.103607696), 0.7233569622039795
(478176.7115619419,3638129.101085758), (478176.71062252333, 3638129.103607696), 0.7388453483581543
(478176.71242656524,3638129.097670613), (478176.71062252333, 3638129.103607696), 0.7586960792541504
(478176.7128541102,3638129.0938358987), (478176.71062252333, 3638129.103607696), 0.7791435718536377
(478176.71296549466,3638129.089403046), (478176.71062252333, 3638129.103607696), 0.8010437488555908
(478176.70597813366,3638129.11839915), (478176.70597813366, 3638129.11839915), 0.8206753730773926
(478176.7069715419,3638129.115235343), (478176.70597813366, 3638129.11839915), 0.8414921760559082
(478176.7078924033,3638129.1123999255), (478176.70597813366, 3638129.11839915), 0.8594651222229004
(478176.7089557581,3638129.109065691), (478176.70597813366, 3638129.11839915), 0.8800740242004395
(478176.7097341729,3638129.1057038), (478176.70597813366, 3638129.11839915), 0.900383472442627
(478176.6935999084,3638129.1609224286), (478176.6935999084, 3638129.1609224286), 0.9214434623718262
(478176.6960710901,3638129.1524331057), (478176.6935999084, 3638129.1609224286), 0.9415476322174072
(478176.69789461757,3638129.1442533047), (478176.6935999084, 3638129.1609224286), 0.9602174758911133
(478176.6994356321,3638129.13502286), (478176.6935999084, 3638129.1609224286), 0.9803988933563232
(478176.7008459548,3638129.1252237824), (478176.6935999084, 3638129.1609224286), 1.001152753829956
(478176.68277253525,3638129.1997469803), (478176.68277253525, 3638129.1997469803), 1.0256307125091553
(478176.6847892835,3638129.1925153695), (478176.68277253525, 3638129.1997469803), 1.0450372695922852
(478176.68667725375,3638129.1850211476), (478176.68277253525, 3638129.1997469803), 1.0648560523986816
(478176.6881167687,3638129.177738772), (478176.68277253525, 3638129.1997469803), 1.083587884902954
(478176.68667725375,3638129.1850211476), (478176.68277253525, 3638129.1997469803), 1.0648560523986816
(478176.6881167687,3638129.177738772), (478176.68277253525, 3638129.1997469803), 1.083587884902954
(478176.68941078195,3638129.169552036), (478176.68277253525, 3638129.1997469803), 1.1040456295013428
(478176.679674918,3638129.208992068), (478176.679674918, 3638129.208992068), 1.125429391860962
(478176.6805053677,3638129.2065135245), (478176.679674918, 3638129.208992068), 1.152184009552002
(478176.6805898105,3638129.2052716953), (478176.679674918, 3638129.208992068), 1.1636290550231934
(478176.68032657594,3638129.20259399), (478176.679674918, 3638129.208992068), 1.1855080127716064
(478176.6790508212,3638129.1993895364), (478176.679674918, 3638129.208992068), 1.2050209045410156
(478176.67192474235,3638129.2293333346), (478176.67192474235, 3638129.2293333346), 1.22609543800354
(478176.67357927957,3638129.224990803), (478176.67192474235, 3638129.2293333346), 1.2475855350494385
(478176.67473173497,3638129.2211773726), (478176.67192474235, 3638129.2293333346), 1.2655413150787354
(478176.6761609013,3638129.2167688883), (478176.67192474235, 3638129.2293333346), 1.2863950729370117
(478176.67724684917,3638129.2130045253), (478176.67192474235, 3638129.2293333346), 1.304333209991455
(478176.6610646914,3638129.253376771), (478176.6610646914, 3638129.253376771), 1.3279292583465576
(478176.6631316307,3638129.248800704), (478176.6610646914, 3638129.253376771), 1.3473107814788818
(478176.6649407272,3638129.244427731), (478176.6610646914, 3638129.253376771), 1.365234136581421
(478176.6667151863,3638129.239422365), (478176.6610646914, 3638129.253376771), 1.3852283954620361
(478176.6684845917,3638129.2342432076), (478176.6610646914, 3638129.253376771), 1.406186819076538
(478176.6517595793,3638129.2755691223), (478176.6517595793, 3638129.2755691223), 1.426945447921753
(478176.6536394493,3638129.2710857014), (478176.6517595793, 3638129.2755691223), 1.446948528289795
(478176.6557490946,3638129.2669620877), (478176.6517595793, 3638129.2755691223), 1.4652478694915771
(478176.6585084537,3638129.2625409425), (478176.6517595793, 3638129.2755691223), 1.4861023426055908
(478176.6615026861,3638129.258825563), (478176.6517595793, 3638129.2755691223), 1.5057804584503174
(478176.6564693177,3638129.2903398974), (478176.6564693177, 3638129.2903398974), 1.527686595916748
(478176.6555021883,3638129.287306767), (478176.6564693177, 3638129.2903398974), 1.5483732223510742
(478176.65512274293,3638129.284640585), (478176.6564693177, 3638129.2903398974), 1.567375898361206
(478176.65515211143,3638129.2819612813), (478176.6564693177, 3638129.2903398974), 1.5868504047393799
(478176.6551932747,3638129.278980269), (478176.6564693177, 3638129.2903398974), 1.6065289974212646
(478176.6611668027,3638129.299567756), (478176.6611668027, 3638129.299567756), 1.629678726196289
(478176.6603557078,3638129.2979744207), (478176.6611668027, 3638129.299567756), 1.6472887992858887
(478176.6594545296,3638129.2961739507), (478176.6611668027, 3638129.299567756), 1.6669776439666748
(478176.6583347236,3638129.2941794875), (478176.6611668027, 3638129.299567756), 1.6866240501403809
(478176.6568924726,3638129.2918566507), (478176.6611668027, 3638129.299567756), 1.706965446472168
(478176.66899049835,3638129.312483999), (478176.66899049835, 3638129.312483999), 1.729233741760254
(478176.6675498287,3638129.310105578), (478176.66899049835, 3638129.312483999), 1.7475659847259521
(478176.666172215,3638129.3075693687), (478176.66899049835, 3638129.312483999), 1.767681360244751
(478176.6652794617,3638129.3053409196), (478176.66899049835, 3638129.312483999), 1.787642002105713
(478176.6737002367,3638129.3272547745), (478176.6737002367, 3638129.3272547745), 1.8091490268707275
(478176.67251236574,3638129.3235293496), (478176.6737002367, 3638129.3272547745), 1.8293049335479736
(478176.67118409823,3638129.319948949), (478176.6737002367, 3638129.3272547745), 1.8493411540985107
(478176.66990299197,3638129.3167609326), (478176.6737002367, 3638129.3272547745), 1.8683948516845703
(478176.6685368769,3638129.313649305), (478176.6737002367, 3638129.3272547745), 1.889249324798584
(478176.66715806467,3638129.3109735833), (478176.6737002367, 3638129.3272547745), 1.908473014831543
(478176.66439920914,3638129.3512947657), (478176.66439920914, 3638129.3512947657), 1.9304721355438232
(478176.66590675624,3638129.3473982695), (478176.66439920914, 3638129.3512947657), 1.9501357078552246
(478176.66754438943,3638129.343950842), (478176.66439920914, 3638129.3512947657), 1.9686822891235352
(478176.66978390963,3638129.3402658836), (478176.66439920914, 3638129.3512947657), 1.9888255596160889
(478176.6725061478,3638129.3365433044), (478176.66439920914, 3638129.3512947657), 2.0091710090637207
(478176.65044154116,3638129.384583292), (478176.65044154116, 3638129.384583292), 2.0308923721313477
(478176.65316929657,3638129.3780776956), (478176.65044154116, 3638129.384583292), 2.0505177974700928
(478176.6565465061,3638129.370979819), (478176.65044154116, 3638129.384583292), 2.0713720321655273
(478176.65978502814,3638129.364245288), (478176.65044154116, 3638129.384583292), 2.0900797843933105
(478176.6632057333,3638129.356572179), (478176.65044154116, 3638129.384583292), 2.110053539276123
(478176.63181497954,3638129.4215774373), (478176.63181497954, 3638129.4215774373), 2.132394790649414
(478176.6354336074,3638129.414390494), (478176.63181497954, 3638129.4215774373), 2.152114152908325
(478176.63181497954,3638129.4215774373), (478176.63181497954, 3638129.4215774373), 2.132394790649414
(478176.6354336074,3638129.414390494), (478176.63181497954, 3638129.4215774373), 2.152114152908325
(478176.63910639996,3638129.4068263317), (478176.63181497954, 3638129.4215774373), 2.1717686653137207
(478176.64306682214,3638129.398983087), (478176.63181497954, 3638129.4215774373), 2.191610336303711
(478176.60853994667,3638129.471515396), (478176.60853994667, 3638129.471515396), 2.2128474712371826
(478176.6141783533,3638129.4594178614), (478176.60853994667, 3638129.471515396), 2.2323362827301025
(478176.61950974184,3638129.447483854), (478176.60853994667, 3638129.471515396), 2.2511725425720215
(478176.6252808122,3638129.434702286), (478176.60853994667, 3638129.471515396), 2.2712295055389404
(478176.6310021922,3638129.421130487), (478176.60853994667, 3638129.471515396), 2.2919859886169434
(478176.57904925046,3638129.5307053393), (478176.57904925046, 3638129.5307053393), 2.3177132606506348
(478176.58389755234,3638129.52097445), (478176.57904925046, 3638129.5307053393), 2.3349525928497314
(478176.5889026356,3638129.510442369), (478176.57904925046, 3638129.5307053393), 2.3531434535980225
(478176.5939320725,3638129.49891782), (478176.57904925046, 3638129.5307053393), 2.3723056316375732
(478176.59901719866,3638129.486208648), (478176.57904925046, 3638129.5307053393), 2.3926634788513184
(478176.5495626414,3638129.5917429216), (478176.5495626414, 3638129.5917429216), 2.419509172439575
(478176.55358649656,3638129.5834135003), (478176.5495626414, 3638129.5917429216), 2.4333999156951904
(478176.5594676748,3638129.5701386877), (478176.5495626414, 3638129.5917429216), 2.4546256065368652
(478176.5643513237,3638129.557807525), (478176.5495626414, 3638129.5917429216), 2.47356915473938
(478176.56929001975,3638129.5448288163), (478176.5495626414, 3638129.5917429216), 2.4931278228759766
(478176.5185292654,3638129.658326868), (478176.5185292654, 3638129.658326868), 2.517976760864258
(478176.52450942114,3638129.6454960895), (478176.5185292654, 3638129.658326868), 2.5369508266448975
(478176.5303145784,3638129.6337738927), (478176.5185292654, 3638129.658326868), 2.554654121398926
(478176.5370222614,3638129.621438869), (478176.5185292654, 3638129.658326868), 2.573413372039795
(478176.5450107637,3638129.6082834364), (478176.5185292654, 3638129.658326868), 2.5936331748962402
(478176.49525831814,3638129.7101124674), (478176.49525831814, 3638129.7101124674), 2.618591547012329
(478176.49948758475,3638129.7007009424), (478176.49525831814, 3638129.7101124674), 2.6368486881256104
(478176.503605024,3638129.6920191683), (478176.49525831814, 3638129.7101124674), 2.6543691158294678
(478176.50895970565,3638129.682419987), (478176.49525831814, 3638129.7101124674), 2.674328565597534
(478176.51477126835,3638129.6729707248), (478176.49525831814, 3638129.7101124674), 2.6943273544311523
(478176.5213567929,3638129.6635937463), (478176.49525831814, 3638129.7101124674), 2.71506667137146
(478176.582804469,3638129.818930191), (478176.582804469, 3638129.818930191), 2.7382302284240723
(478176.5693267851,3638129.80217776), (478176.582804469, 3638129.818930191), 2.756648063659668
(478176.55586206826,3638129.785456696), (478176.582804469, 3638129.818930191), 2.77484393119812
(478176.5406403276,3638129.766611474), (478176.582804469, 3638129.818930191), 2.795130729675293
(478176.5736055562,3638129.8891611653), (478176.5736055562, 3638129.8891611653), 2.8199095726013184
(478176.57570470567,3638129.873134781), (478176.5736055562, 3638129.8891611653), 2.838548183441162
(478176.5782033111,3638129.8571233046), (478176.5736055562, 3638129.8891611653), 2.857435703277588
(478176.580896074,3638129.8417359367), (478176.5736055562, 3638129.8891611653), 2.8755738735198975
(478176.5844263548,3638129.8241274296), (478176.5736055562, 3638129.8891611653), 2.896209478378296
(478176.5550198382,3638129.944631705), (478176.5550198382, 3638129.944631705), 2.9198648929595947
(478176.55811799725,3638129.9353850055), (478176.5550198382, 3638129.944631705), 2.9365265369415283
(478176.5621778077,3638129.9240916604), (478176.5550198382, 3638129.944631705), 2.956204414367676
(478176.56685827306,3638129.9120223736), (478176.5550198382, 3638129.944631705), 2.9768431186676025
(478176.5716991343,3638129.900573104), (478176.5550198382, 3638129.944631705), 2.9963152408599854
(478176.5364422917,3638130.003797522), (478176.5364422917, 3638130.003797522), 3.0190651416778564
(478176.5400245136,3638129.9923888524), (478176.5364422917, 3638130.003797522), 3.038191080093384
(478176.54350912286,3638129.9812274156), (478176.5364422917, 3638130.003797522), 3.0572431087493896
(478176.54796343873,3638129.9695858913), (478176.5364422917, 3638130.003797522), 3.0780913829803467
(478176.5526584506,3638129.9596098308), (478176.5364422917, 3638130.003797522), 3.097156286239624
(478176.51631389366,3638130.0666620648), (478176.51631389366, 3638130.0666620648), 3.1211533546447754
(478176.5200790632,3638130.054902775), (478176.51631389366, 3638130.0666620648), 3.140249490737915
(478176.52247525903,3638130.0435818937), (478176.51631389366, 3638130.0666620648), 3.157721519470215
(478176.52433419257,3638130.0305331694), (478176.51631389366, 3638130.0666620648), 3.1780519485473633
(478176.52610082936,3638130.015389917), (478176.51631389366, 3638130.0666620648), 3.1981284618377686
(478176.4915125156,3638130.1313845864), (478176.4915125156, 3638130.1313845864), 3.225583553314209
(478176.52610082936,3638130.015389917), (478176.51631389366, 3638130.0666620648), 3.1981284618377686
(478176.4915125156,3638130.1313845864), (478176.4915125156, 3638130.1313845864), 3.225583553314209
(478176.4949483749,3638130.122418251), (478176.4915125156, 3638130.1313845864), 3.2400505542755127
(478176.5000747057,3638130.1100870334), (478176.4915125156, 3638130.1313845864), 3.260040283203125
(478176.50521020306,3638130.0980008366), (478176.4915125156, 3638130.1313845864), 3.279418468475342
(478176.51136505237,3638130.084260003), (478176.4915125156, 3638130.1313845864), 3.3012704849243164
(478176.46980467724,3638130.185014379), (478176.46980467724, 3638130.185014379), 3.3270623683929443
(478176.4733643133,3638130.1762202033), (478176.46980467724, 3638130.185014379), 3.343703031539917
(478176.4779475629,3638130.1641927864), (478176.46980467724, 3638130.185014379), 3.3653430938720703
(478176.4809708717,3638130.155093252), (478176.46980467724, 3638130.185014379), 3.3807966709136963
(478176.48492118734,3638130.142032451), (478176.46980467724, 3638130.185014379), 3.4023101329803467
(478176.50743356877,3638130.281008912), (478176.50743356877, 3638130.281008912), 3.4251484870910645
(478176.50034614466,3638130.2629282842), (478176.50743356877, 3638130.281008912), 3.4436233043670654
(478176.4930210102,3638130.244571106), (478176.50743356877, 3638130.281008912), 3.4619619846343994
(478176.484636743,3638130.224310859), (478176.50743356877, 3638130.281008912), 3.482419967651367
(478176.4757206403,3638130.204783754), (478176.50743356877, 3638130.281008912), 3.502162456512451
(478176.4857461507,3638130.343876902), (478176.4857461507, 3638130.343876902), 3.525885581970215
(478176.490021455,3638130.331483551), (478176.4857461507, 3638130.343876902), 3.545743942260742
(478176.49454403593,3638130.3199666725), (478176.4857461507, 3638130.343876902), 3.56390380859375
(478176.49954844924,3638130.30772128), (478176.4857461507, 3638130.343876902), 3.582909345626831
(478176.50499412825,3638130.2944748644), (478176.4857461507, 3638130.343876902), 3.603127956390381
(478176.45321910625,3638130.4400265254), (478176.45321910625, 3638130.4400265254), 3.6257729530334473
(478176.4596227628,3638130.4210973796), (478176.45321910625, 3638130.4400265254), 3.645437717437744
(478176.46657122415,3638130.4027951774), (478176.45321910625, 3638130.4400265254), 3.663950204849243
(478176.47419625305,3638130.383466426), (478176.45321910625, 3638130.4400265254), 3.6835343837738037
(478176.4818205146,3638130.363535508), (478176.45321910625, 3638130.4400265254), 3.703735589981079
(478176.58461388794,3638130.6374344383), (478176.58461388794, 3638130.6374344383), 3.7277321815490723
(478176.5599220614,3638130.6003373642), (478176.58461388794, 3638130.6374344383), 3.7468934059143066
(478176.53199894435,3638130.5590168405), (478176.58461388794, 3638130.6374344383), 3.76777982711792
(478176.50843544805,3638130.5248258067), (478176.58461388794, 3638130.6374344383), 3.784764528274536
(478176.480181711,3638130.483951784), (478176.58461388794, 3638130.6374344383), 3.804894208908081
(478176.5614940682,3638130.7575826943), (478176.5614940682, 3638130.7575826943), 3.827049493789673
(478176.5663047703,3638130.732582609), (478176.5614940682, 3638130.7575826943), 3.847663402557373
(478176.56986985344,3638130.7116668317), (478176.5614940682, 3638130.7575826943), 3.8648247718811035
(478176.5747076997,3638130.684971366), (478176.5614940682, 3638130.7575826943), 3.8862531185150146
(478176.5795161144,3638130.658938449), (478176.5614940682, 3638130.7575826943), 3.9064226150512695
(478176.5337462007,3638130.899912963), (478176.5337462007, 3638130.899912963), 3.928048849105835
(478176.53918374045,3638130.872021577), (478176.5337462007, 3638130.899912963), 3.9478402137756348
(478176.5441751059,3638130.8454103973), (478176.5337462007, 3638130.899912963), 3.966218948364258
(478176.549388271,3638130.816515834), (478176.5337462007, 3638130.899912963), 3.9856839179992676
(478176.5545531013,3638130.7848158227), (478176.5337462007, 3638130.899912963), 4.006486654281616
(478176.7104138396,3638131.1249355227), (478176.7104138396, 3638131.1249355227), 4.028347730636597
(478176.67460778035,3638131.0793291447), (478176.7104138396, 3638131.1249355227), 4.048676013946533
(478176.64174074423,3638131.037652522), (478176.7104138396, 3638131.1249355227), 4.066993951797485
(478176.60494312615,3638130.9912991817), (478176.7104138396, 3638131.1249355227), 4.08700966835022
(478176.56689252076,3638130.9435444977), (478176.7104138396, 3638131.1249355227), 4.107007741928101
(478176.7044881774,3638131.265369901), (478176.7044881774, 3638131.265369901), 4.13359260559082
(478176.7054052791,3638131.2436351795), (478176.7044881774, 3638131.265369901), 4.149881362915039
(478176.70632509846,3638131.2202111026), (478176.7044881774, 3638131.265369901), 4.167117595672607
(478176.7076049239,3638131.1918998924), (478176.7044881774, 3638131.265369901), 4.1875669956207275
(478176.7087745086,3638131.164315965), (478176.7044881774, 3638131.265369901), 4.207252025604248
(478176.6985420884,3638131.3965660837), (478176.6985420884, 3638131.3965660837), 4.231684684753418
(478176.69981887855,3638131.3683946254), (478176.6985420884, 3638131.3965660837), 4.252747058868408
(478176.70104938385,3638131.3472867096), (478176.6985420884, 3638131.3965660837), 4.268137454986572
(478176.702990314,3638131.3197398325), (478176.6985420884, 3638131.3965660837), 4.28803563117981
(478176.70104938385,3638131.3472867096), (478176.6985420884, 3638131.3965660837), 4.268137454986572
(478176.702990314,3638131.3197398325), (478176.6985420884, 3638131.3965660837), 4.28803563117981
(478176.7053354532,3638131.2918862584), (478176.6985420884, 3638131.3965660837), 4.308224678039551
(478176.8689654661,3638131.6179071525), (478176.8689654661, 3638131.6179071525), 4.330821514129639
(478176.8374559333,3638131.576983461), (478176.8689654661, 3638131.6179071525), 4.34905481338501
(478176.80286297144,3638131.5322176414), (478176.8689654661, 3638131.6179071525), 4.368898391723633
(478176.7670815576,3638131.4860475613), (478176.8689654661, 3638131.6179071525), 4.389206409454346
(478176.73100923613,3638131.439774911), (478176.8689654661, 3638131.6179071525), 4.409421443939209
(478176.8848783401,3638131.7638362), (478176.8848783401, 3638131.7638362), 4.434513568878174
(478176.8823631448,3638131.740770595), (478176.8848783401, 3638131.7638362), 4.4509031772613525
(478176.87917175086,3638131.7140988866), (478176.8848783401, 3638131.7638362), 4.469834089279175
(478176.8755821283,3638131.6855793605), (478176.8848783401, 3638131.7638362), 4.489918947219849
(478176.8720654312,3638131.655981376), (478176.8848783401, 3638131.7638362), 4.510176420211792
(478176.93032274867,3638131.869051699), (478176.93032274867, 3638131.869051699), 4.532872676849365
(478176.921332412,3638131.8482367564), (478176.93032274867, 3638131.869051699), 4.55233097076416
(478176.9120859514,3638131.8276005825), (478176.93032274867, 3638131.869051699), 4.570531368255615
(478176.90061790415,3638131.8031538404), (478176.93032274867, 3638131.869051699), 4.5911219120025635
(478176.8890533125,3638131.778949719), (478176.93032274867, 3638131.869051699), 4.610944509506226
(478176.9773139212,3638131.9687208356), (478176.9773139212, 3638131.9687208356), 4.632301568984985
(478176.9667897961,3638131.946398974), (478176.9773139212, 3638131.9687208356), 4.6545703411102295
(478176.9580742481,3638131.9280661503), (478176.9773139212, 3638131.9687208356), 4.672229528427124
(478176.9481736946,3638131.9071872625), (478176.9773139212, 3638131.9687208356), 4.691985130310059
(478176.9381863705,3638131.8863370353), (478176.9773139212, 3638131.9687208356), 4.711405277252197
(478176.9884271999,3638132.0592310415), (478176.9884271999, 3638132.0592310415), 4.73457670211792
(478176.9864196631,3638132.042881), (478176.9884271999, 3638132.0592310415), 4.753052234649658
(478176.9840585005,3638132.026047024), (478176.9884271999, 3638132.0592310415), 4.77195143699646
(478176.98117259704,3638132.0072096586), (478176.9884271999, 3638132.0592310415), 4.792876720428467
(478176.9783265963,3638131.989634643), (478176.9884271999, 3638132.0592310415), 4.81223464012146
(478177.0027687979,3638132.1996206176), (478177.0027687979, 3638132.1996206176), 4.835113286972046
(478176.9998593664,3638132.1711402587), (478177.0027687979, 3638132.1996206176), 4.855508327484131
(478176.9970860923,3638132.1460221484), (478177.0027687979, 3638132.1996206176), 4.873312950134277
(478176.9936692041,3638132.1173434975), (478177.0027687979, 3638132.1996206176), 4.893419981002808
(478176.98991036584,3638132.0890551964), (478177.0027687979, 3638132.1996206176), 4.91298508644104
(478177.0452667041,3638132.3824438644), (478177.0452667041, 3638132.3824438644), 4.93626070022583
(478177.03799460887,3638132.3511597803), (478177.0452667041, 3638132.3824438644), 4.953569173812866
(478177.0292882289,3638132.3157306015), (478177.0452667041, 3638132.3824438644), 4.9730730056762695
(478177.0193619135,3638132.2779390514), (478177.0452667041, 3638132.3824438644), 4.993842363357544
(478177.064301702,3638132.5302136587), (478177.064301702, 3638132.5302136587), 5.017435789108276
(478177.05682256294,3638132.4721526676), (478177.064301702, 3638132.5302136587), 5.0493316650390625
(478177.054764568,3638132.4599278355), (478177.064301702, 3638132.5302136587), 5.055976152420044
(478177.0489778113,3638132.426370098), (478177.064301702, 3638132.5302136587), 5.074276685714722
(478177.0425549524,3638132.390442146), (478177.064301702, 3638132.5302136587), 5.09402322769165
(478177.0817368328,3638132.6595105072), (478177.0817368328, 3638132.6595105072), 5.117974758148193
(478177.0786157248,3638132.636364743), (478177.0817368328, 3638132.6595105072), 5.135972261428833
(478177.07479878236,3638132.6116526695), (478177.0817368328, 3638132.6595105072), 5.155522346496582
(478177.070771249,3638132.58809428), (478177.0817368328, 3638132.6595105072), 5.174565553665161
(478177.06632505823,3638132.5635980247), (478177.0817368328, 3638132.6595105072), 5.194929599761963
(478177.0742603125,3638132.803643611), (478177.0742603125, 3638132.803643611), 5.217247009277344
(478177.07570751937,3638132.7757442123), (478177.0742603125, 3638132.803643611), 5.236462593078613
(478177.0770392004,3638132.743743333), (478177.0742603125, 3638132.803643611), 5.259447336196899
(478177.0775020443,3638132.719965341), (478177.0742603125, 3638132.803643611), 5.277414321899414
(478177.0773322194,3638132.6944558546), (478177.0742603125, 3638132.803643611), 5.297558069229126
(478177.0885488114,3638132.920013876), (478177.0885488114, 3638132.920013876), 5.3194580078125
(478177.085982005,3638132.899108955), (478177.0885488114, 3638132.920013876), 5.337817430496216
(478177.0827522386,3638132.8767274506), (478177.0885488114, 3638132.920013876), 5.35832405090332
(478177.085982005,3638132.899108955), (478177.0885488114, 3638132.920013876), 5.337817430496216
(478177.0827522386,3638132.8767274506), (478177.0885488114, 3638132.920013876), 5.35832405090332
(478177.0791548391,3638132.8560659722), (478177.0885488114, 3638132.920013876), 5.378193616867065
(478177.07501528115,3638132.8362524826), (478177.0885488114, 3638132.920013876), 5.397962808609009
(478177.0980826459,3638133.001289331), (478177.0980826459, 3638133.001289331), 5.420060157775879
(478177.096148228,3638132.9847985166), (478177.0980826459, 3638133.001289331), 5.440472364425659
(478177.0941400369,3638132.9703387613), (478177.0980826459, 3638133.001289331), 5.458452224731445
(478177.0915783446,3638132.9534470127), (478177.0980826459, 3638133.001289331), 5.479451894760132
(478177.0891497884,3638132.9378186055), (478177.0980826459, 3638133.001289331), 5.498877763748169
(478177.1544034295,3638133.0898519536), (478177.1544034295, 3638133.0898519536), 5.520259618759155
(478177.143675106,3638133.0729820095), (478177.1544034295, 3638133.0898519536), 5.539345741271973
(478177.13254005247,3638133.0556103545), (478177.1544034295, 3638133.0898519536), 5.559285640716553
(478177.12170608796,3638133.0389481205), (478177.1544034295, 3638133.0898519536), 5.578980922698975
(478177.11049061664,3638133.0219188654), (478177.1544034295, 3638133.0898519536), 5.5997161865234375
(478177.1623088088,3638133.1397209857), (478177.1623088088, 3638133.1397209857), 5.628929615020752
(478177.16146862326,3638133.134420893), (478177.1623088088, 3638133.1397209857), 5.640477895736694
(478177.1599080639,3638133.125704345), (478177.1623088088, 3638133.1397209857), 5.660595655441284
(478177.1581039421,3638133.1180589595), (478177.1623088088, 3638133.1397209857), 5.680083274841309
(478177.15584831336,3638133.1108779036), (478177.1623088088, 3638133.1397209857), 5.700505256652832
(478177.1654595243,3638133.154495208), (478177.1654595243, 3638133.154495208), 5.723037481307983
(478177.16481896763,3638133.1514915326), (478177.1654595243, 3638133.154495208), 5.742171287536621
(478177.1633986174,3638133.1490122024), (478177.1654595243, 3638133.154495208), 5.760559558868408
(478177.16099592077,3638133.146666335), (478177.1654595243, 3638133.154495208), 5.781109809875488
(478177.1579259921,3638133.145005369), (478177.1654595243, 3638133.154495208), 5.800265789031982
(478177.190481452,3638133.1895452156), (478177.190481452, 3638133.1895452156), 5.823919057846069
(478177.18582836736,3638133.1830273066), (478177.190481452, 3638133.1895452156), 5.842678070068359
(478177.1807289068,3638133.1762366793), (478177.190481452, 3638133.1895452156), 5.861679553985596
(478177.175079434,3638133.1690757633), (478177.190481452, 3638133.1895452156), 5.8814616203308105
(478177.1690075397,3638133.161727095), (478177.190481452, 3638133.1895452156), 5.901524543762207
(478177.1920445566,3638133.191389407), (478177.1920445566, 3638133.191389407), 5.92571234703064
(478177.19179201545,3638133.1910914523), (478177.1920445566, 3638133.191389407), 5.942158222198486
(478177.1909862931,3638133.1903109984), (478177.1920445566, 3638133.191389407), 5.962406873703003
(478177.18959296687,3638133.189126115), (478177.1920445566, 3638133.191389407), 5.9823760986328125
(478177.18744962243,3638133.1874249596), (478177.1920445566, 3638133.191389407), 6.002387046813965
(478177.185734957,3638133.1581456847), (478177.185734957, 3638133.1581456847), 6.025859355926514
(478177.1868341615,3638133.163937122), (478177.185734957, 3638133.1581456847), 6.0433056354522705
(478177.18848301895,3638133.170315752), (478177.185734957, 3638133.1581456847), 6.063239097595215
(478177.1907385878,3638133.176497365), (478177.185734957, 3638133.1581456847), 6.08364462852478
(478177.1933976941,3638133.182213995), (478177.185734957, 3638133.1581456847), 6.103243350982666
(478177.1779439398,3638133.1600105558), (478177.1779439398, 3638133.1600105558), 6.1295106410980225
(478177.1791607682,3638133.1597192935), (478177.1779439398, 3638133.1600105558), 6.14569878578186
(478177.1804289514,3638133.158432309), (478177.1779439398, 3638133.1600105558), 6.16470193862915
(478177.18161416095,3638133.156170835), (478177.1779439398, 3638133.1600105558), 6.184412479400635
(478177.1826605269,3638133.15320759), (478177.1779439398, 3638133.1600105558), 6.205141067504883
(478177.1716425088,3638133.13046211), (478177.1716425088, 3638133.13046211), 6.227124929428101
(478177.17279983254,3638133.135888991), (478177.1716425088, 3638133.13046211), 6.245052337646484
(478177.17456364626,3638133.142197629), (478177.1716425088, 3638133.13046211), 6.265042304992676
(478177.17700797337,3638133.1489303797), (478177.1716425088, 3638133.13046211), 6.28603720664978
(478177.17974560964,3638133.1549050505), (478177.1716425088, 3638133.13046211), 6.304890871047974
(478177.1747932243,3638133.145236334), (478177.1747932243, 3638133.145236334), 6.327596664428711
(478177.1741803208,3638133.1423623282), (478177.1747932243, 3638133.145236334), 6.347140789031982
(478177.1734168171,3638133.1396969697), (478177.1747932243, 3638133.145236334), 6.365572929382324
(478177.17241056514,3638133.137177283), (478177.1747932243, 3638133.145236334), 6.385771989822388
(478177.17118256824,3638133.1351478226), (478177.1747932243, 3638133.145236334), 6.406335115432739
(478177.16084372887,3638133.1822201386), (478177.16084372887, 3638133.1822201386), 6.428386926651001
(478177.17118256824,3638133.1351478226), (478177.1747932243, 3638133.145236334), 6.406335115432739
(478177.16084372887,3638133.1822201386), (478177.16084372887, 3638133.1822201386), 6.428386926651001
(478177.16389463755,3638133.174131372), (478177.16084372887, 3638133.1822201386), 6.450430631637573
(478177.16564511415,3638133.168485024), (478177.16084372887, 3638133.1822201386), 6.465930461883545
(478177.1676831701,3638133.1611819053), (478177.16084372887, 3638133.1822201386), 6.486199617385864
(478177.16988089675,3638133.1539132944), (478177.16084372887, 3638133.1822201386), 6.506851673126221
(478177.16242725536,3638133.193302528), (478177.16242725536, 3638133.193302528), 6.5289857387542725
(478177.16211719054,3638133.1911325236), (478177.16242725536, 3638133.193302528), 6.548683166503906
(478177.1618970776,3638133.189281709), (478177.16242725536, 3638133.193302528), 6.567137956619263
(478177.1616601302,3638133.1874141837), (478177.16242725536, 3638133.193302528), 6.587032794952393
(478177.16120597225,3638133.1856657974), (478177.16242725536, 3638133.193302528), 6.606990575790405
(478177.1624354241,3638133.196997807), (478177.1624354241, 3638133.196997807), 6.630274295806885
(478177.16243397293,3638133.196341349), (478177.1624354241, 3638133.196997807), 6.648268222808838
(478177.16247031785,3638133.1961355014), (478177.1624354241, 3638133.196997807), 6.6682469844818115
(478177.1628352511,3638133.19648337), (478177.1624354241, 3638133.196997807), 6.688048839569092
(478177.1637000145,3638133.197531555), (478177.1624354241, 3638133.196997807), 6.708465576171875
(478177.1609090787,3638133.2117823674), (478177.1609090787, 3638133.2117823674), 6.729591608047485
(478177.16120409785,3638133.208924739), (478177.1609090787, 3638133.2117823674), 6.7487876415252686
(478177.1621863533,3638133.2064618007), (478177.1609090787, 3638133.2117823674), 6.769017219543457
(478177.163739532,3638133.2048127116), (478177.1609090787, 3638133.2117823674), 6.788718938827515
(478177.1653398352,3638133.2040999345), (478177.1609090787, 3638133.2117823674), 6.81000542640686
(478177.19843175897,3638133.2597382795), (478177.19843175897, 3638133.2597382795), 6.831728219985962
(478177.19206268183,3638133.251598272), (478177.19843175897, 3638133.2597382795), 6.849064350128174
(478177.18478140206,3638133.2425589547), (478177.19843175897, 3638133.2597382795), 6.868664264678955
(478177.17692253954,3638133.233091107), (478177.19843175897, 3638133.2597382795), 6.889725923538208
(478177.1936975171,3638133.2338816677), (478177.1936975171, 3638133.2338816677), 6.914591550827026
(478177.19467983884,3638133.239246732), (478177.1936975171, 3638133.2338816677), 6.931785583496094
(478177.196394013,3638133.2445064974), (478177.1936975171, 3638133.2338816677), 6.950101852416992
(478177.1992834134,3638133.249668179), (478177.1936975171, 3638133.2338816677), 6.970431566238403
(478177.2020401225,3638133.254886536), (478177.1936975171, 3638133.2338816677), 6.989871025085449
(478177.2046891045,3638133.2606497793), (478177.1936975171, 3638133.2338816677), 7.010040044784546
(478177.18423720205,3638133.1858637217), (478177.18423720205, 3638133.1858637217), 7.037411451339722
(478177.18522386666,3638133.1908717584), (478177.18423720205, 3638133.1858637217), 7.050220489501953
(478177.1858427581,3638133.1996309203), (478177.18423720205, 3638133.1858637217), 7.071406126022339
(478177.1849710145,3638133.2093079323), (478177.18423720205, 3638133.1858637217), 7.09308934211731
(478177.1839978055,3638133.21751883), (478177.18423720205, 3638133.1858637217), 7.11064600944519
(478177.209148852,3638133.1710274653), (478177.209148852, 3638133.1710274653), 7.131559371948242
(478177.204047479,3638133.174065613), (478177.209148852, 3638133.1710274653), 7.150838851928711
(478177.19843511895,3638133.177288248), (478177.209148852, 3638133.1710274653), 7.171432018280029
(478177.19341562106,3638133.179779046), (478177.209148852, 3638133.1710274653), 7.191593408584595
(478177.1949910542,3638133.1137816617), (478177.1949910542, 3638133.1137816617), 7.214230298995972
(478177.1979749354,3638133.1258467217), (478177.1949910542, 3638133.1137816617), 7.231653451919556
(478177.2013407415,3638133.141042481), (478177.1949910542, 3638133.1137816617), 7.252942323684692
(478177.2048814024,3638133.1558946646), (478177.1949910542, 3638133.1137816617), 7.273454904556274
(478177.2084913463,3638133.169147141), (478177.1949910542, 3638133.1137816617), 7.292142152786255
(478177.17296463624,3638133.0232955795), (478177.17296463624, 3638133.0232955795), 7.316054821014404
(478177.1764709009,3638133.0376995625), (478177.17296463624, 3638133.0232955795), 7.332263708114624
(478177.18101730634,3638133.055674271), (478177.17296463624, 3638133.0232955795), 7.352429151535034
(478177.1861890369,3638133.07404625), (478177.17296463624, 3638133.0232955795), 7.3734259605407715
(478177.1910146378,3638133.091690042), (478177.17296463624, 3638133.0232955795), 7.393872022628784
(478177.1478242592,3638132.9346640296), (478177.1478242592, 3638132.9346640296), 7.4170660972595215
(478177.15246191795,3638132.951013939), (478177.1478242592, 3638132.9346640296), 7.435726881027222
(478177.157220156,3638132.966854778), (478177.1478242592, 3638132.9346640296), 7.454421043395996
(478177.16243856604,3638132.981860423), (478177.1478242592, 3638132.9346640296), 7.473104000091553
(478177.1680611163,3638132.9973653415), (478177.1478242592, 3638132.9346640296), 7.4926111698150635
(478177.16243856604,3638132.981860423), (478177.1478242592, 3638132.9346640296), 7.473104000091553
(478177.1680611163,3638132.9973653415), (478177.1478242592, 3638132.9346640296), 7.4926111698150635
(478177.17473586905,3638133.0138660986), (478177.1478242592, 3638132.9346640296), 7.513899564743042
(478177.11323990574,3638132.8054050924), (478177.11323990574, 3638132.8054050924), 7.537534713745117
(478177.11895326927,3638132.8267587745), (478177.11323990574, 3638132.8054050924), 7.557436466217041
(478177.12444756145,3638132.8446648414), (478177.11323990574, 3638132.8054050924), 7.573480844497681
(478177.133117872,3638132.868373053), (478177.11323990574, 3638132.8054050924), 7.594713449478149
(478177.0645100054,3638132.624443269), (478177.0645100054, 3638132.624443269), 7.616995573043823
(478177.0754842229,3638132.6651967773), (478177.0645100054, 3638132.624443269), 7.634889125823975
(478177.08843471756,3638132.7092298544), (478177.0645100054, 3638132.624443269), 7.653979778289795
(478177.1033757347,3638132.760989829), (478177.0645100054, 3638132.624443269), 7.675680160522461
(478177.1149497504,3638132.8067169446), (478177.0645100054, 3638132.624443269), 7.6939592361450195
(478177.0033855411,3638132.4786141645), (478177.0033855411, 3638132.4786141645), 7.720133066177368
(478177.0119678912,3638132.499089705), (478177.0033855411, 3638132.4786141645), 7.734613418579102
(478177.0233874393,3638132.528245451), (478177.0033855411, 3638132.4786141645), 7.7545647621154785
(478177.0345906212,3638132.5582101746), (478177.0033855411, 3638132.4786141645), 7.774236440658569
(478177.04591584933,3638132.590086462), (478177.0033855411, 3638132.4786141645), 7.794702768325806
(478176.9577981844,3638132.3087312854), (478176.9577981844, 3638132.3087312854), 7.81646990776062
(478176.9671319121,3638132.343513748), (478176.9577981844, 3638132.3087312854), 7.8361945152282715
(478176.97665879794,3638132.3786535673), (478176.9577981844, 3638132.3087312854), 7.855667352676392
(478176.98735574674,3638132.416664143), (478176.9577981844, 3638132.3087312854), 7.876248121261597
(478176.9971092933,3638132.4533387856), (478176.9577981844, 3638132.3087312854), 7.895914316177368
(478177.00668658654,3638132.4913435616), (478176.9577981844, 3638132.3087312854), 7.916146516799927
(478176.96056496695,3638132.149827406), (478176.96056496695, 3638132.149827406), 7.93739652633667
(478176.96014485706,3638132.173955464), (478176.96056496695, 3638132.149827406), 7.9557576179504395
(478176.9600795591,3638132.2009722535), (478176.96056496695, 3638132.149827406), 7.9756481647491455
(478176.96046467347,3638132.230897699), (478176.96056496695, 3638132.149827406), 7.9966676235198975
(478176.97122079314,3638132.033402), (478176.97122079314, 3638132.033402), 8.019309997558594
(478176.96891985176,3638132.058542053), (478176.97122079314, 3638132.033402), 8.03699779510498
(478176.9660162587,3638132.088785309), (478176.97122079314, 3638132.033402), 8.057541608810425
(478176.9637419852,3638132.1167236045), (478176.97122079314, 3638132.033402), 8.076258182525635
(478176.96153945854,3638132.1487565623), (478176.97122079314, 3638132.033402), 8.09757375717163
(478176.94135842426,3638131.924456756), (478176.94135842426, 3638131.924456756), 8.118455410003662
(478176.9471910674,3638131.9457356683), (478176.94135842426, 3638131.924456756), 8.137820959091187
(478176.95400619565,3638131.9664601837), (478176.94135842426, 3638131.924456756), 8.157097101211548
(478176.9619762086,3638131.988527036), (478176.94135842426, 3638131.924456756), 8.17753267288208
(478176.9708503834,3638132.0108658224), (478176.94135842426, 3638131.924456756), 8.198124170303345
(478176.9067944844,3638131.804436017), (478176.9067944844, 3638131.804436017), 8.220749139785767
(478176.91322696325,3638131.8267723266), (478176.9067944844, 3638131.804436017), 8.239786148071289
(478176.9197467191,3638131.849624815), (478176.9067944844, 3638131.804436017), 8.259010553359985
(478176.9257647526,3638131.872645038), (478176.9067944844, 3638131.804436017), 8.277750492095947
(478176.931455291,3638131.8985164966), (478176.9067944844, 3638131.804436017), 8.297911405563354
(478176.85664034076,3638131.6844497416), (478176.85664034076, 3638131.6844497416), 8.321345567703247
(478176.8655345077,3638131.7057277034), (478176.85664034076, 3638131.6844497416), 8.339184761047363
(478176.8744669981,3638131.7297112616), (478176.85664034076, 3638131.6844497416), 8.35841989517212
(478176.88382236514,3638131.7572408607), (478176.85664034076, 3638131.6844497416), 8.37965703010559
(478176.8919123644,3638131.7821459183), (478176.85664034076, 3638131.6844497416), 8.398523807525635
(478176.8157872193,3638131.5404234757), (478176.8157872193, 3638131.5404234757), 8.420804977416992
(478176.8239027477,3638131.5690344903), (478176.8157872193, 3638131.5404234757), 8.44056248664856
(478176.8319116905,3638131.5966456253), (478176.8157872193, 3638131.5404234757), 8.459754467010498
(478176.84052063915,3638131.6263501593), (478176.8157872193, 3638131.5404234757), 8.480538606643677
(478176.848842367,3638131.6549156294), (478176.8157872193, 3638131.5404234757), 8.500690937042236
(478176.7796438363,3638131.4111679853), (478176.7796438363, 3638131.4111679853), 8.522178411483765
(478176.7870654574,3638131.437709089), (478176.7796438363, 3638131.4111679853), 8.542994022369385
(478176.7937924503,3638131.461339483), (478176.7796438363, 3638131.4111679853), 8.561692953109741
(478176.7870654574,3638131.437709089), (478176.7796438363, 3638131.4111679853), 8.542994022369385
(478176.7937924503,3638131.461339483), (478176.7796438363, 3638131.4111679853), 8.561692953109741
(478176.8007757845,3638131.4861961887), (478176.7796438363, 3638131.4111679853), 8.581015348434448
(478176.80823981855,3638131.513615746), (478176.7796438363, 3638131.4111679853), 8.601670742034912
(478176.7122138448,3638131.2339427993), (478176.7122138448, 3638131.2339427993), 8.623777389526367
(478176.72422091104,3638131.2655007825), (478176.7122138448, 3638131.2339427993), 8.641868352890015
(478176.73650672333,3638131.2995695174), (478176.7122138448, 3638131.2339427993), 8.660846471786499
(478176.7491967028,3638131.3375636768), (478176.7122138448, 3638131.2339427993), 8.68135380744934
(478176.7613042519,3638131.3760318863), (478176.7122138448, 3638131.2339427993), 8.701700210571289
(478176.65721925354,3638131.040061288), (478176.65721925354, 3638131.040061288), 8.723781824111938
(478176.67035348003,3638131.086365545), (478176.65721925354, 3638131.040061288), 8.74766492843628
(478176.67909399397,3638131.1158714616), (478176.65721925354, 3638131.040061288), 8.762867450714111
(478176.6908929853,3638131.1547442507), (478176.65721925354, 3638131.040061288), 8.782871007919312
(478176.70294827694,3638131.1935966113), (478176.65721925354, 3638131.040061288), 8.802834749221802
(478176.6006493016,3638130.8387926673), (478176.6006493016, 3638130.8387926673), 8.82522177696228
(478176.6113377212,3638130.876820691), (478176.6006493016, 3638130.8387926673), 8.844388246536255
(478176.62198268186,3638130.9120751005), (478176.6006493016, 3638130.8387926673), 8.862571477890015
(478176.63470578246,3638130.952929796), (478176.6006493016, 3638130.8387926673), 8.883988380432129
(478176.64684095886,3638130.9910481293), (478176.6006493016, 3638130.8387926673), 8.904385089874268
(478176.5269137842,3638130.6301713996), (478176.5269137842, 3638130.6301713996), 8.925025224685669
(478176.54206898133,3638130.67305028), (478176.5269137842, 3638130.6301713996), 8.94553828239441
(478176.5563770906,3638130.715571039), (478176.5269137842, 3638130.6301713996), 8.965665817260742
(478176.5696270204,3638130.7559782052), (478176.5269137842, 3638130.6301713996), 8.984633207321167
(478176.58390023914,3638130.7995196204), (478176.5269137842, 3638130.6301713996), 9.004979133605957
(478176.4656381761,3638130.415979642), (478176.4656381761, 3638130.415979642), 9.027312755584717
(478176.4764831839,3638130.4538888745), (478176.4656381761, 3638130.415979642), 9.045416355133057
(478176.4884663575,3638130.494444444), (478176.4656381761, 3638130.415979642), 9.064897775650024
(478176.50129078416,3638130.5367089887), (478176.4656381761, 3638130.415979642), 9.085257053375244
(478176.51465020876,3638130.580961304), (478176.4656381761, 3638130.415979642), 9.106501340866089
(478176.4090723013,3638130.2165586613), (478176.4090723013, 3638130.2165586613), 9.126927137374878
(478176.41963684786,3638130.253803595), (478176.4090723013, 3638130.2165586613), 9.14553189277649
(478176.4318910552,3638130.2966669835), (478176.4090723013, 3638130.2165586613), 9.16692566871643
(478176.4427730398,3638130.3347481634), (478176.4090723013, 3638130.2165586613), 9.185911417007446
(478176.45417722996,3638130.3751084423), (478176.4090723013, 3638130.2165586613), 9.206023931503296
(478176.3541307972,3638130.046696463), (478176.3541307972, 3638130.046696463), 9.229743957519531
(478176.3630647397,3638130.07431746), (478176.3541307972, 3638130.046696463), 9.24646282196045
(478176.3742722751,3638130.1077361275), (478176.3541307972, 3638130.046696463), 9.266864776611328
(478176.3855812047,3638130.1393706677), (478176.3541307972, 3638130.046696463), 9.286513328552246
(478176.39837437635,3638130.171983211), (478176.3541307972, 3638130.046696463), 9.307315349578857
(478176.30698439776,3638129.8768170346), (478176.30698439776, 3638129.8768170346), 9.3302640914917
(478176.3154187335,3638129.907207906), (478176.30698439776, 3638129.8768170346), 9.348246812820435
(478176.32606646616,3638129.9413827765), (478176.30698439776, 3638129.8768170346), 9.368858098983765
(478176.33764108195,3638129.973800572), (478176.30698439776, 3638129.8768170346), 9.388760566711426
(478176.3505363751,3638130.006475522), (478176.30698439776, 3638129.8768170346), 9.408931016921997
(478176.25985025027,3638129.7124805236), (478176.25985025027, 3638129.7124805236), 9.430099487304688
(478176.2686881562,3638129.7432945026), (478176.25985025027, 3638129.7124805236), 9.448819160461426
(478176.2794093213,3638129.776000206), (478176.25985025027, 3638129.7124805236), 9.468731164932251
(478176.28954725165,3638129.8110297737), (478176.25985025027, 3638129.7124805236), 9.489155054092407
(478176.3000274065,3638129.845076307), (478176.25985025027, 3638129.7124805236), 9.509078741073608
(478176.20650043804,3638129.557395996), (478176.20650043804, 3638129.557395996), 9.532476663589478
(478176.2155241638,3638129.583627396), (478176.20650043804, 3638129.557395996), 9.549792766571045
(478176.22708942776,3638129.61755439), (478176.20650043804, 3638129.557395996), 9.571999311447144
(478176.23772005155,3638129.6467741947), (478176.20650043804, 3638129.557395996), 9.59110164642334
(478176.1640678574,3638129.4041349823), (478176.1640678574, 3638129.4041349823), 9.613255262374878
(478176.17709933483,3638129.451203), (478176.1640678574, 3638129.4041349823), 9.638062953948975
(478176.1640678574,3638129.4041349823), (478176.1640678574, 3638129.4041349823), 9.613255262374878
(478176.17709933483,3638129.451203), (478176.1640678574, 3638129.4041349823), 9.638062953948975
(478176.1842653911,3638129.4726678818), (478176.1640678574, 3638129.4041349823), 9.649689435958862
(478176.1977719958,3638129.5100109396), (478176.1640678574, 3638129.4041349823), 9.670250654220581
(478176.2131382163,3638129.5451052138), (478176.1640678574, 3638129.4041349823), 9.690248489379883
(478176.2311031349,3638129.579718857), (478176.1640678574, 3638129.4041349823), 9.710858345031738
(478176.1232065476,3638129.2564134398), (478176.1232065476, 3638129.2564134398), 9.73491096496582
(478176.12879391597,3638129.276612858), (478176.1232065476, 3638129.2564134398), 9.751545667648315
(478176.1374106893,3638129.298054979), (478176.1232065476, 3638129.2564134398), 9.770655393600464
(478176.1502574464,3638129.316863118), (478176.1232065476, 3638129.2564134398), 9.791200399398804
(478176.07457055704,3638129.1179473293), (478176.07457055704, 3638129.1179473293), 9.822876453399658
(478176.08064039994,3638129.135228103), (478176.07457055704, 3638129.1179473293), 9.833852291107178
(478176.0956641389,3638129.162288405), (478176.07457055704, 3638129.1179473293), 9.85259485244751
(478176.10851228546,3638129.1929583955), (478176.07457055704, 3638129.1179473293), 9.87205719947815
(478176.1170836372,3638129.230922094), (478176.07457055704, 3638129.1179473293), 9.89253854751587
(478176.03684362734,3638128.977609453), (478176.03684362734, 3638128.977609453), 9.916922092437744
(478176.0432151684,3638129.0013105213), (478176.03684362734, 3638128.977609453), 9.932804584503174
(478176.05243511114,3638129.028216995), (478176.03684362734, 3638128.977609453), 9.952683687210083
(478176.0609590751,3638129.053887738), (478176.03684362734, 3638128.977609453), 9.972294569015503
(478176.0700979866,3638129.0799045814), (478176.03684362734, 3638128.977609453), 9.993009567260742
(478176.07850736514,3638129.1074189194), (478176.03684362734, 3638128.977609453), 10.014180183410645
(478176.0007002227,3638128.8483539657), (478176.0007002227, 3638128.8483539657), 10.034943580627441
(478176.00674851023,3638128.8699837583), (478176.0007002227, 3638128.8483539657), 10.054693460464478
(478176.01344742905,3638128.890711132), (478176.0007002227, 3638128.8483539657), 10.073271989822388
(478176.0219847631,3638128.9130106242), (478176.0007002227, 3638128.8483539657), 10.093446016311646
(478176.0316218697,3638128.9336107355), (478176.0007002227, 3638128.8483539657), 10.113380432128906
(478175.97860434675,3638128.726458019), (478175.97860434675, 3638128.726458019), 10.135650396347046
(478175.9831287192,3638128.7514175484), (478175.97860434675, 3638128.726458019), 10.156270980834961
(478175.98695069907,3638128.772329327), (478175.97860434675, 3638128.726458019), 10.17346453666687
(478175.9913817667,3638128.7971647005), (478175.97860434675, 3638128.726458019), 10.193937301635742
(478175.99530298,3638128.821835476), (478175.97860434675, 3638128.726458019), 10.213990449905396
(478175.9487378727,3638128.6156651396), (478175.9487378727, 3638128.6156651396), 10.236522674560547
(478175.95416296826,3638128.635790112), (478175.9487378727, 3638128.6156651396), 10.25484323501587
(478175.9601258415,3638128.657087935), (478175.9487378727, 3638128.6156651396), 10.274581670761108
(478175.9663006248,3638128.6785210324), (478175.9487378727, 3638128.6156651396), 10.294665575027466
(478175.9345882281,3638128.562114616), (478175.9345882281, 3638128.562114616), 10.318464994430542
(478175.93756837695,3638128.5733932406), (478175.9345882281, 3638128.562114616), 10.33572244644165
(478175.940744271,3638128.585778432), (478175.9345882281, 3638128.562114616), 10.354939222335815
(478175.9442828252,3638128.598825365), (478175.9345882281, 3638128.562114616), 10.375161170959473
(478175.94795081747,3638128.6115899836), (478175.9345882281, 3638128.562114616), 10.394903659820557
(478175.9579163618,3638128.536195967), (478175.9579163618, 3638128.536195967), 10.416666984558105
(478175.95321657165,3638128.5414176537), (478175.9579163618, 3638128.536195967), 10.436451435089111
(478175.94867093617,3638128.546457192), (478175.9579163618, 3638128.536195967), 10.456110000610352
(478175.9440413804,3638128.5516046286), (478175.9579163618, 3638128.536195967), 10.476817846298218
(478175.9399368934,3638128.5561782564), (478175.9579163618, 3638128.536195967), 10.49577021598816
(478175.9563410024,3638128.528808856), (478175.9563410024, 3638128.528808856), 10.520106792449951
(478175.9566116426,3638128.530077931), (478175.9563410024, 3638128.528808856), 10.537877321243286
(478175.9570382981,3638128.5312888385), (478175.9563410024, 3638128.528808856), 10.55689287185669
(478175.95766022825,3638128.5324850255), (478175.9563410024, 3638128.528808856), 10.576744079589844
(478175.95831444167,3638128.5337597933), (478175.9563410024, 3638128.528808856), 10.597705841064453
(478175.956345087,3638128.530656494), (478175.956345087, 3638128.530656494), 10.62024974822998
(478175.9563443853,3638128.5303390883), (478175.956345087, 3638128.530656494), 10.637453556060791
(478175.95617279195,3638128.5300068953), (478175.956345087, 3638128.530656494), 10.65739631652832
(478175.95586410054,3638128.5297422055), (478175.956345087, 3638128.530656494), 10.677106142044067
(478175.95528946584,3638128.5295931804), (478175.956345087, 3638128.530656494), 10.697694301605225
(478175.95586410054,3638128.5297422055), (478175.956345087, 3638128.530656494), 10.677106142044067
(478175.95528946584,3638128.5295931804), (478175.956345087, 3638128.530656494), 10.697694301605225
(478175.9843502815,3638128.5047275065), (478175.9843502815, 3638128.5047275065), 10.720154523849487
(478175.9791912241,3638128.5095040896), (478175.9843502815, 3638128.5047275065), 10.738558530807495
(478175.9741464929,3638128.514142592), (478175.9843502815, 3638128.5047275065), 10.757705688476562
(478175.9691685964,3638128.5186952176), (478175.9843502815, 3638128.5047275065), 10.777503967285156
(478175.96435041545,3638128.5230528377), (478175.9843502815, 3638128.5047275065), 10.79811429977417
(478175.9591277649,3638128.5277186916), (478175.9843502815, 3638128.5047275065), 10.82218050956726
(478175.9554283294,3638128.530986054), (478175.9843502815, 3638128.5047275065), 10.840283155441284
(478175.951574532,3638128.534382392), (478175.9843502815, 3638128.5047275065), 10.859429121017456
(478175.947344539,3638128.538098077), (478175.9843502815, 3638128.5047275065), 10.881014347076416
(478175.9438100904,3638128.5411945693), (478175.9843502815, 3638128.5047275065), 10.899378299713135
(478175.93960411265,3638128.5448624026), (478175.9843502815, 3638128.5047275065), 10.921961307525635
(478175.9361907477,3638128.5478175734), (478175.9843502815, 3638128.5047275065), 10.941046953201294
(478175.9328754222,3638128.5506733656), (478175.9843502815, 3638128.5047275065), 10.959951162338257
(478175.929405429,3638128.5536556575), (478175.9843502815, 3638128.5047275065), 10.980063438415527
(478175.9260014417,3638128.5565749486), (478175.9843502815, 3638128.5047275065), 11.000131130218506
(478176.0029686733,3638128.4640380815), (478176.0029686733, 3638128.4640380815), 11.022217273712158